,start date,start year,start month,start day,start time,end time,aot_865 mean,aot_865 geometric mean,aot_865 median,aot_865 std,aot_865 geometric std,aot_865 variance,aot_865 N
0,2025-01-04,2025,01,04,20:23:21.141Z,20:28:21.024Z,0.12694867,0.11038533,0.1187,0.062282242,1.7469926,0.0038790775,37504
1,2025-01-04,2025,01,04,22:01:41.228Z,22:06:40.935Z,0.060780197,0.056582026,0.063099995,0.020965066,1.491472,0.00043953402,1015
2,2025-01-05,2025,01,05,20:58:06.123Z,21:03:06.006Z,0.092942074,0.082258165,0.071499996,0.051876962,1.6002977,0.0026912193,181039
3,2025-01-06,2025,01,06,19:54:26.105Z,19:59:25.987Z,0.07796469,0.073692635,0.0726,0.026493756,1.3983271,0.00070191914,10868
4,2025-01-06,2025,01,06,21:32:45.139Z,21:37:45.021Z,0.0669033,0.06322844,0.063099995,0.022535883,1.401453,0.00050786603,7596
5,2025-01-07,2025,01,07,20:29:10.209Z,20:34:09.916Z,0.16227503,0.14817642,0.15439999,0.06624491,1.5539128,0.004388388,43635
6,2025-01-07,2025,01,07,22:07:29.068Z,22:12:28.950Z,0.07862856,0.0784503,0.0791,0.005322383,1.0753118,2.8327757e-05,7
7,2025-01-08,2025,01,08,21:03:54.138Z,21:08:54.021Z,0.08436806,0.076878324,0.0743,0.04003246,1.5197989,0.001602598,236666
8,2025-01-09,2025,01,09,20:00:19.209Z,20:05:18.916Z,0.05565173,0.0502105,0.0585,0.023152338,1.6108496,0.0005360308,29420
9,2025-01-09,2025,01,09,21:38:38.067Z,21:43:37.950Z,0.06672567,0.060906332,0.0661,0.025833245,1.5829293,0.0006673566,65484
10,2025-01-10,2025,01,10,20:35:03.138Z,20:40:03.020Z,0.076438345,0.0622504,0.0519,0.05694495,1.8283299,0.0032427276,162849
11,2025-01-11,2025,01,11,21:09:46.189Z,21:14:45.896Z,0.12799214,,0.098699994,0.08301791,,0.006891973,144692
12,2025-01-12,2025,01,12,20:06:11.084Z,20:11:10.967Z,0.08150427,0.07833748,0.078,0.022709573,1.3290837,0.0005157247,44096
13,2025-01-12,2025,01,12,21:44:30.118Z,21:49:30.001Z,0.089962594,0.08798923,0.0894,0.018445717,1.2390987,0.0003402445,18264
14,2025-01-13,2025,01,13,20:40:49.222Z,20:45:48.929Z,0.111198686,0.09056373,0.0937,0.06932406,1.932925,0.0048058257,45419
15,2025-01-14,2025,01,14,21:15:32.098Z,21:20:31.981Z,0.06195456,0.05438962,0.0543,0.03176524,1.6816372,0.0010090306,107264
16,2025-01-15,2025,01,15,20:11:56.116Z,20:16:55.998Z,0.031221136,0.02707727,0.0235,0.022273067,1.5971045,0.0004960895,69411
17,2025-01-15,2025,01,15,21:50:15.150Z,21:55:15.032Z,0.042718522,0.03488778,0.0268,0.029027231,1.8534985,0.00084258016,22020
18,2025-01-16,2025,01,16,20:46:39.167Z,20:51:39.049Z,0.060512785,,0.0279,0.064408004,,0.004148391,152921
19,2025-01-17,2025,01,17,19:43:03.184Z,19:48:02.891Z,0.05553289,0.049355414,0.04855,0.027012004,1.6290685,0.00072964834,532
20,2025-01-17,2025,01,17,21:21:22.218Z,21:26:21.925Z,0.046328228,0.037034933,0.0315,0.03309116,1.9201702,0.001095025,37512
21,2025-01-18,2025,01,18,20:17:46.060Z,20:22:45.943Z,0.078524455,0.060065668,0.061199997,0.058095258,2.1020477,0.003375059,5311
22,2025-01-18,2025,01,18,21:56:05.094Z,22:01:04.977Z,0.04098036,0.034036957,0.0285,0.02663595,1.8075528,0.00070947385,2337
23,2025-01-19,2025,01,19,20:52:29.111Z,20:57:28.994Z,0.059794355,0.029977534,0.026099999,0.07051423,3.31657,0.0049722567,35529
24,2025-01-20,2025,01,20,19:48:54.182Z,19:53:53.889Z,0.06666,0.06566276,0.060799997,0.011781105,1.2120152,0.00013879444,5
25,2025-01-20,2025,01,20,21:27:13.215Z,21:32:12.922Z,0.053052165,0.0,0.04,0.039793987,,0.0015835614,15056
26,2025-01-21,2025,01,21,20:23:37.057Z,20:28:36.940Z,,,,,,,0
27,2025-01-21,2025,01,21,22:01:56.091Z,22:06:55.974Z,,,,,,,0
28,2025-01-22,2025,01,22,20:58:20.108Z,21:03:19.991Z,0.057693683,,0.0357,0.054713834,,0.0029936035,256641
29,2025-01-23,2025,01,23,19:54:44.126Z,19:59:44.008Z,0.03634683,0.030873759,0.0251,0.024972087,1.6934836,0.00062360516,19394
30,2025-01-23,2025,01,23,21:33:03.160Z,21:38:03.042Z,0.042496253,0.03472242,0.0288,0.030693876,1.8274902,0.00094211404,83959
31,2025-01-24,2025,01,24,20:29:27.177Z,20:34:26.884Z,0.07996901,0.0,0.061199997,0.053311583,,0.0028421248,163799
32,2025-01-24,2025,01,24,22:07:46.211Z,22:12:45.918Z,0.053059872,0.049059276,0.044099998,0.022420133,1.468885,0.0005026623,1732
33,2025-01-25,2025,01,25,21:04:09.175Z,21:09:08.882Z,0.08219525,0.06966103,0.059499998,0.050923444,1.7486583,0.0025931972,70211
34,2025-01-26,2025,01,26,20:00:33.192Z,20:05:32.899Z,0.07702037,0.07277821,0.070999995,0.026724426,1.3955327,0.0007141949,3511
35,2025-01-26,2025,01,26,21:33:52.168Z,21:38:52.051Z,0.07016378,0.066396676,0.0704,0.022723973,1.4023447,0.0005163789,196
36,2025-01-26,2025,01,26,21:38:52.226Z,21:43:51.933Z,0.07764947,0.071757816,0.0761,0.028763102,1.5164632,0.000827316,9881
37,2025-01-27,2025,01,27,20:35:12.208Z,20:40:11.915Z,0.11291694,0.10156649,0.0937,0.056077104,1.5654962,0.0031446414,78862
38,2025-01-28,2025,01,28,21:09:54.206Z,21:14:53.913Z,0.051203012,0.04447728,0.0402,0.03069183,1.6593343,0.0009419885,168844
39,2025-01-29,2025,01,29,20:06:18.223Z,20:11:17.930Z,0.10699954,0.10126438,0.104499996,0.03473542,1.4013237,0.0012065494,1089
40,2025-01-29,2025,01,29,21:39:36.146Z,21:44:36.028Z,0.06451359,0.06038885,0.05625,0.024737913,1.4268672,0.0006119643,530
41,2025-01-29,2025,01,29,21:44:36.204Z,21:49:35.911Z,0.06034779,0.055231713,0.0501,0.027054163,1.5071287,0.0007319277,8805
42,2025-01-30,2025,01,30,20:40:59.168Z,20:45:59.051Z,0.090521164,0.067436844,0.065,0.06786506,2.1902277,0.004605666,5233
43,2025-01-31,2025,01,31,21:10:41.108Z,21:15:40.991Z,0.079900004,0.072637364,0.06905,0.034578953,1.5596255,0.001195704,66
44,2025-01-31,2025,01,31,21:15:41.166Z,21:20:41.049Z,0.07380154,0.06360964,0.0637,0.03934449,1.7425942,0.0015479889,25803
45,2025-02-01,2025,02,01,20:12:04.131Z,20:17:04.013Z,0.07485536,0.054953337,0.0497,0.060704112,2.188094,0.0036849894,33451
46,2025-02-01,2025,02,01,21:45:23.107Z,21:50:22.989Z,0.0760625,0.0720188,0.07275,0.02435821,1.4170692,0.00059332233,16
47,2025-02-01,2025,02,01,21:50:23.165Z,21:55:23.047Z,0.03874958,0.03287501,0.0276,0.024972863,1.7242218,0.0006236439,7717
48,2025-02-02,2025,02,02,20:41:45.194Z,20:46:44.901Z,,,,,,,0
49,2025-02-02,2025,02,02,20:46:45.076Z,20:51:44.958Z,0.117205694,0.089565516,0.1048,0.07542725,2.2227554,0.00568927,34507
50,2025-02-03,2025,02,03,19:43:09.093Z,19:48:08.976Z,0.0801,0.0801,0.0801,0.0,,0.0,1
51,2025-02-03,2025,02,03,21:16:28.069Z,21:21:27.951Z,0.033088196,0.02587672,0.019199999,0.030153275,1.8479217,0.00090921996,8981
52,2025-02-03,2025,02,03,21:21:28.127Z,21:26:28.009Z,0.05551389,,0.037,0.043711357,,0.0019106828,73880
53,2025-02-04,2025,02,04,20:17:51.091Z,20:22:50.974Z,0.10319942,0.08985574,0.106,0.049808893,1.7497352,0.0024809258,42095
54,2025-02-04,2025,02,04,21:51:10.067Z,21:56:09.950Z,0.077115685,0.072953075,0.074099995,0.025090043,1.4036744,0.00062951026,10633
55,2025-02-04,2025,02,04,21:56:10.125Z,22:01:10.008Z,0.10952891,0.10872145,0.1114,0.013010176,1.1311562,0.00016926468,6809
56,2025-02-05,2025,02,05,20:47:43.226Z,20:52:42.933Z,0.045945775,0.031053772,0.022,0.052564107,2.1785212,0.0027629854,3078
57,2025-02-05,2025,02,05,20:52:43.109Z,20:57:42.991Z,0.090243354,0.07273209,0.0722,0.063022435,1.9376152,0.0039718277,152850
58,2025-02-06,2025,02,06,19:49:57.135Z,19:54:57.018Z,0.076060705,0.0698992,0.076799996,0.02903305,1.5499784,0.000842918,5307
59,2025-02-06,2025,02,06,21:23:20.147Z,21:28:20.030Z,0.027932357,0.023345202,0.021,0.023914259,1.6898795,0.0005718918,65514
60,2025-02-06,2025,02,06,21:28:20.205Z,21:33:19.912Z,0.084819935,0.07491543,0.074599996,0.042364847,1.6534795,0.0017947804,54454
61,2025-02-07,2025,02,07,20:20:34.174Z,20:25:33.881Z,0.06883169,0.04408539,0.0301,0.08164309,2.314065,0.006665594,486
62,2025-02-07,2025,02,07,20:25:34.056Z,20:30:33.939Z,0.11108649,0.07711659,0.0823,0.087883055,2.4667132,0.007723432,25350
63,2025-02-07,2025,02,07,21:58:56.191Z,22:03:55.898Z,,,,,,,0
64,2025-02-07,2025,02,07,22:03:56.073Z,22:08:55.955Z,0.08217918,0.08132733,0.0797,0.012107704,1.153876,0.00014659649,788
65,2025-02-08,2025,02,08,20:56:10.217Z,21:01:09.924Z,0.17870735,0.17397554,0.1796,0.0392959,1.2704189,0.0015441678,299
66,2025-02-08,2025,02,08,21:01:10.099Z,21:06:09.982Z,0.15184806,0.1425083,0.14684999,0.05308232,1.4361426,0.002817733,1702
67,2025-02-09,2025,02,09,19:58:24.126Z,20:03:24.008Z,0.111900955,0.11029604,0.1107,0.018962692,1.1859356,0.00035958368,2567
68,2025-02-09,2025,02,09,21:31:46.085Z,21:36:45.967Z,0.09572201,0.09382902,0.092599995,0.019473527,1.2197639,0.00037921823,9616
69,2025-02-09,2025,02,09,21:36:46.143Z,21:41:46.025Z,0.09661254,0.09480517,0.096049994,0.018630717,1.2159064,0.0003471036,4434
70,2025-02-10,2025,02,10,20:28:50.109Z,20:33:49.992Z,0.24376462,0.24016918,0.24984999,0.041072357,1.1913255,0.0016869387,198
71,2025-02-10,2025,02,10,20:33:50.167Z,20:38:50.050Z,0.15662088,0.14378321,0.15415001,0.06148322,1.5349283,0.0037801862,11690
72,2025-02-10,2025,02,10,22:07:13.179Z,22:12:12.886Z,,,,,,,0
73,2025-02-11,2025,02,11,21:04:25.100Z,21:09:24.982Z,0.12974682,0.12592067,0.12485,0.031973623,1.2771102,0.0010223126,3916
74,2025-02-11,2025,02,11,21:09:25.158Z,21:14:25.040Z,0.11223918,0.1039559,0.107599996,0.042309765,1.4953678,0.0017901161,18442
75,2025-02-12,2025,02,12,20:01:37.196Z,20:06:36.903Z,,,,,,,0
76,2025-02-12,2025,02,12,20:06:37.078Z,20:11:36.961Z,0.15531836,0.15171126,0.1575,0.032300632,1.249089,0.0010433308,245
77,2025-02-12,2025,02,12,21:39:59.213Z,21:44:58.920Z,0.13306665,0.13252087,0.1308,0.012123897,1.1041499,0.00014698888,6
78,2025-02-12,2025,02,12,21:44:59.095Z,21:49:58.978Z,0.10125902,0.0985753,0.0977,0.023419786,1.2619544,0.0005484864,3951
79,2025-02-13,2025,02,13,20:37:11.133Z,20:42:11.016Z,0.14560534,0.12074082,0.13589999,0.08086532,1.9206946,0.0065392,7830
80,2025-02-13,2025,02,13,20:42:11.191Z,20:47:10.898Z,0.2100429,0.203114,0.2114,0.051664736,1.3069973,0.002669245,1126
81,2025-02-14,2025,02,14,21:12:45.071Z,21:17:44.953Z,0.09928284,0.08773681,0.0967,0.04350618,1.7238643,0.0018927875,52355
82,2025-02-14,2025,02,14,21:17:45.129Z,21:22:45.011Z,0.09137975,0.08859567,0.088999994,0.022468986,1.2855088,0.0005048553,41108
83,2025-02-15,2025,02,15,20:09:57.167Z,20:14:57.050Z,0.2298605,0.22742915,0.2313,0.032592893,1.1608373,0.0010622966,81
84,2025-02-15,2025,02,15,20:14:57.225Z,20:19:56.932Z,0.14611344,0.13702208,0.14019999,0.05150717,1.4397001,0.0026529885,13185
85,2025-02-15,2025,02,15,21:48:20.061Z,21:53:19.944Z,0.113559894,0.11256472,0.116399996,0.0145182945,1.145182,0.00021078088,384
86,2025-02-15,2025,02,15,21:53:20.119Z,21:58:20.002Z,0.11181802,0.11067006,0.1125,0.015625741,1.1575102,0.0002441638,172
