,start date,end date,start year,start month,start day,end year,end month,end day,C mean,C geometric mean,C median:,C std,C geometric std,C variance,C N
0,2024-03-05,2024-03-12,2024,03,05,2024,03,12,16.867567,16.221779,16.044632,4.80562,1.322631,23.093985,12692
1,2024-03-13,2024-03-20,2024,03,13,2024,03,20,14.219182,13.870381,13.324938,3.5333228,1.2381326,12.48437,18898
2,2024-03-21,2024-03-28,2024,03,21,2024,03,28,16.679651,16.340958,15.888277,3.6193693,1.2185216,13.0998335,21214
3,2024-03-29,2024-04-05,2024,03,29,2024,04,05,18.15682,17.66741,17.427263,4.335702,1.2625443,18.79831,19758
4,2024-04-06,2024-04-13,2024,04,06,2024,04,13,17.355095,16.6907,17.093302,4.9549017,1.3228409,24.551052,19781
5,2024-04-14,2024-04-21,2024,04,14,2024,04,21,14.387666,14.007521,14.249102,3.5105333,1.2565047,12.323844,17565
6,2024-04-22,2024-04-29,2024,04,22,2024,04,29,19.063429,18.67233,18.393436,4.0428486,1.2223102,16.344624,14189
7,2024-04-30,2024-05-07,2024,04,30,2024,05,07,20.744389,19.917387,20.365269,5.888069,1.336698,34.669357,6203
8,2024-05-08,2024-05-15,2024,05,08,2024,05,15,20.96252,20.53691,20.040758,4.432161,1.2208644,19.644049,5327
9,2024-05-16,2024-05-23,2024,05,16,2024,05,23,18.897919,17.636663,18.973072,6.4132237,1.4867969,41.12944,2774
10,2024-05-24,2024-05-31,2024,05,24,2024,05,31,10.774683,10.696406,10.5271845,1.4045625,1.1251239,1.9727957,19691
11,2024-06-01,2024-06-08,2024,06,01,2024,06,08,13.848558,13.621667,13.189871,2.8818717,1.1882448,8.305184,3514
12,2024-06-09,2024-06-16,2024,06,09,2024,06,16,14.708909,14.351807,13.599731,3.9847457,1.224395,15.878199,6747
13,2024-06-17,2024-06-24,2024,06,17,2024,06,24,12.394354,12.270322,11.994085,2.0032976,1.143648,4.0132008,16657
14,2024-06-25,2024-07-02,2024,06,25,2024,07,02,15.262222,14.892769,14.767871,3.6261034,1.2406405,13.148626,12923
15,2024-07-03,2024-07-10,2024,07,03,2024,07,10,14.193951,14.085601,13.903078,1.8865296,1.1277997,3.5589938,9354
16,2024-07-11,2024-07-18,2024,07,11,2024,07,18,25.109007,24.507784,23.318708,5.9578485,1.2372894,35.49596,1167
17,2024-07-19,2024-07-26,2024,07,19,2024,07,26,16.113388,15.792472,15.448438,3.4974473,1.2148234,12.232137,6579
18,2024-07-27,2024-08-03,2024,07,27,2024,08,03,21.217842,20.316353,20.577362,6.4428735,1.3396273,41.51062,5633
19,2024-08-04,2024-08-11,2024,08,04,2024,08,11,17.207836,16.881388,16.518652,3.585239,1.2110409,12.853939,11997
20,2024-08-12,2024-08-19,2024,08,12,2024,08,19,17.162424,16.916933,16.68498,3.1721609,1.1788094,10.062605,15518
21,2024-08-20,2024-08-27,2024,08,20,2024,08,27,15.341579,15.098873,15.047543,2.8422737,1.1938537,8.07852,25566
22,2024-08-28,2024-09-04,2024,08,28,2024,09,04,17.566174,17.193785,16.263824,4.0034037,1.2194602,16.027243,14277
23,2024-09-05,2024-09-12,2024,09,05,2024,09,12,14.332571,14.051797,13.746536,3.1355407,1.2109885,9.831615,22573
24,2024-09-13,2024-09-20,2024,09,13,2024,09,20,17.519394,17.136995,17.005247,3.832289,1.2308775,14.6864395,23141
25,2024-09-21,2024-09-28,2024,09,21,2024,09,28,21.323233,20.884697,20.9716,4.438204,1.2254677,19.697653,10678
26,2024-09-29,2024-10-06,2024,09,29,2024,10,06,14.739251,14.202717,13.615889,4.52108,1.2977555,20.440165,11873
27,2024-10-07,2024-10-14,2024,10,07,2024,10,14,15.10531,14.77571,14.516748,3.366714,1.2289842,11.334764,18538
28,2024-10-15,2024-10-22,2024,10,15,2024,10,22,14.921578,14.496757,14.074697,3.8221912,1.2656599,14.609146,21308
29,2024-10-23,2024-10-30,2024,10,23,2024,10,30,15.960888,15.532187,15.445796,3.8034294,1.2635361,14.466075,22093
30,2024-10-31,2024-11-07,2024,10,31,2024,11,07,12.700071,12.212083,11.923356,3.813016,1.3135606,14.53909,22581
31,2024-11-08,2024-11-15,2024,11,08,2024,11,15,14.460908,14.070698,13.5652895,3.5766454,1.2579514,12.792393,24475
32,2024-11-16,2024-11-23,2024,11,16,2024,11,23,13.995075,13.6022625,13.155205,3.4980094,1.268215,12.23607,21112
33,2024-11-24,2024-12-01,2024,11,24,2024,12,01,13.61545,13.160563,12.934387,3.6920986,1.2968508,13.631592,16483
34,2024-12-02,2024-12-09,2024,12,02,2024,12,09,13.572983,13.312832,13.083324,2.8129046,1.2148962,7.9124317,18921
35,2024-12-10,2024-12-17,2024,12,10,2024,12,17,11.70997,11.358933,11.086174,3.0128253,1.2772715,9.077116,24536
36,2024-12-18,2024-12-25,2024,12,18,2024,12,25,11.905737,11.33407,11.273584,3.8901663,1.3650565,15.133393,22548
37,2024-12-26,2024-12-31,2024,12,26,2024,12,31,13.301509,12.029869,11.105692,6.633842,1.5426297,44.00786,7206
38,2025-01-01,2025-01-08,2025,01,01,2025,01,08,11.978517,11.420491,12.068502,3.2313924,1.4185258,10.441896,20004
39,2025-01-09,2025-01-16,2025,01,09,2025,01,16,9.781846,9.360363,9.352749,2.9789298,1.3482356,8.8740225,23745
40,2025-01-17,2025-01-24,2025,01,17,2025,01,24,10.666965,10.182556,10.326923,3.1553004,1.3830066,9.955921,24228
41,2025-01-25,2025-02-01,2025,01,25,2025,02,01,15.327391,14.727391,14.749783,4.510063,1.324359,20.34067,17855
42,2025-02-02,2025-02-09,2025,02,02,2025,02,09,13.190193,12.859945,12.702475,3.1697354,1.2493356,10.047222,20723
43,2025-02-10,2025-02-17,2025,02,10,2025,02,17,15.005243,14.216506,14.60618,4.7729993,1.4058864,22.78152,14909
44,2025-02-18,2025-02-25,2025,02,18,2025,02,25,11.338367,11.265391,11.203042,1.3627225,1.1178892,1.8570127,25603
45,2025-02-26,2025-03-05,2025,02,26,2025,03,05,13.768352,13.264576,13.217072,3.7591105,1.3215541,14.130912,23815
46,2025-03-06,2025-03-13,2025,03,06,2025,03,13,15.195698,14.7299595,14.836184,3.76713,1.2891172,14.191268,23540
47,2025-03-14,2025-03-21,2025,03,14,2025,03,21,13.35183,13.108892,12.808771,2.69836,1.206312,7.2811465,25179
48,2025-03-22,2025-03-29,2025,03,22,2025,03,29,15.69109,15.197806,14.699292,4.2591243,1.2797356,18.140139,19248
49,2025-03-30,2025-04-06,2025,03,30,2025,04,06,17.041939,16.54118,16.321835,4.2466645,1.2791362,18.034159,22255
50,2025-04-07,2025-04-14,2025,04,07,2025,04,14,12.995611,12.2161665,11.302521,5.1615505,1.3982118,26.641603,9140
51,2025-04-15,2025-04-22,2025,04,15,2025,04,22,21.023243,20.674915,20.4071,3.979832,1.1984735,15.839062,11624
52,2025-04-23,2025-04-30,2025,04,23,2025,04,30,16.454023,15.911268,16.13292,4.3360233,1.2957934,18.801098,21996
