,start date,end date,start year,start month,start day,end year,end month,end day,chla mean,chla geometric mean,chla median,chla std,chla geometric std,chla variance,chla N,chla IQR
0,2024-03-05,2024-03-12,2024,03,05,2024,03,12,0.060553752,0.058685746,0.057315588,0.015549816,1.282235,0.00024179679,14760,0.020839566364884377
1,2024-03-13,2024-03-20,2024,03,13,2024,03,20,0.07178568,0.069003694,0.06980665,0.0198717,1.330306,0.0003948845,21290,0.02853468991816044
2,2024-03-21,2024-03-28,2024,03,21,2024,03,28,0.05475322,0.053297333,0.051694572,0.013200476,1.2575214,0.00017425256,23832,0.015745230950415134
3,2024-03-29,2024-04-05,2024,03,29,2024,04,05,0.057084776,0.05419005,0.052664425,0.018550185,1.3811224,0.0003441094,21939,0.03034847415983677
4,2024-04-06,2024-04-13,2024,04,06,2024,04,13,0.062425938,0.059528023,0.058068786,0.020087516,1.355341,0.00040350828,22307,0.026204494759440422
5,2024-04-14,2024-04-21,2024,04,14,2024,04,21,0.057482045,0.056418117,0.054103307,0.011673343,1.2084134,0.00013626694,20095,0.014666188508272171
6,2024-04-22,2024-04-29,2024,04,22,2024,04,29,0.045896597,0.044871625,0.044379663,0.0107192,1.2308317,0.00011490124,15877,0.012283485382795334
7,2024-04-30,2024-05-07,2024,04,30,2024,05,07,0.05282336,0.049327474,0.048541784,0.026568213,1.4109076,0.0007058699,7906,0.023385425098240376
8,2024-05-08,2024-05-15,2024,05,08,2024,05,15,0.05003508,0.04850088,0.04797487,0.012718928,1.2820004,0.00016177114,5804,0.01611084956675768
9,2024-05-16,2024-05-23,2024,05,16,2024,05,23,0.054674532,0.051481117,0.046989404,0.020030921,1.4045879,0.00040123783,3908,0.027614127844572067
10,2024-05-24,2024-05-31,2024,05,24,2024,05,31,0.061703153,0.060098354,0.05717785,0.023799231,1.2070962,0.00056640344,21748,0.009496588259935379
11,2024-06-01,2024-06-08,2024,06,01,2024,06,08,0.058282483,0.056793828,0.053849082,0.021574005,1.2222784,0.00046543768,4649,0.011315573006868362
12,2024-06-09,2024-06-16,2024,06,09,2024,06,16,0.060875263,0.055511836,0.051850636,0.043865606,1.4136602,0.0019241914,8233,0.006384413689374924
13,2024-06-17,2024-06-24,2024,06,17,2024,06,24,0.060848765,0.05636328,0.051598944,0.039797667,1.3702228,0.0015838543,19326,0.007228241302073002
14,2024-06-25,2024-07-02,2024,06,25,2024,07,02,0.059599694,0.058385387,0.057501182,0.012259762,1.2255521,0.00015030177,14652,0.013855911791324615
15,2024-07-03,2024-07-10,2024,07,03,2024,07,10,0.058031783,0.057162378,0.056660604,0.016736742,1.1591622,0.00028011852,11245,0.007863488048315048
16,2024-07-11,2024-07-18,2024,07,11,2024,07,18,0.057454094,0.053113077,0.051857352,0.023694662,1.4817033,0.000561437,1544,0.02745581418275833
17,2024-07-19,2024-07-26,2024,07,19,2024,07,26,0.062482744,0.060899124,0.06015955,0.016542621,1.239928,0.0002736583,8206,0.012433568947017193
18,2024-07-27,2024-08-03,2024,07,27,2024,08,03,0.054605406,0.052745167,0.05443097,0.014191041,1.3056396,0.00020138563,6557,0.020057175308465958
19,2024-08-04,2024-08-11,2024,08,04,2024,08,11,0.056352045,0.055266615,0.053810075,0.011447659,1.2161663,0.00013104889,12640,0.012200980447232723
20,2024-08-12,2024-08-19,2024,08,12,2024,08,19,0.06606254,0.061818704,0.05679346,0.032862373,1.3756174,0.0010799356,17541,0.012931101024150848
21,2024-08-20,2024-08-27,2024,08,20,2024,08,27,0.0642652,0.061056715,0.05794219,0.02824234,1.3225411,0.0007976298,28779,0.0117292869836092
22,2024-08-28,2024-09-04,2024,08,28,2024,09,04,0.06508632,0.05839555,0.054227777,0.04915513,1.4507767,0.002416227,16289,0.009461667388677597
23,2024-09-05,2024-09-12,2024,09,05,2024,09,12,0.0718903,0.06569421,0.061862662,0.04883884,1.4136553,0.0023852324,25252,0.01294848881661892
24,2024-09-13,2024-09-20,2024,09,13,2024,09,20,0.06634518,0.061108083,0.0560136,0.039138466,1.4115477,0.0015318196,26212,0.013502187095582485
25,2024-09-21,2024-09-28,2024,09,21,2024,09,28,0.04896033,0.048216973,0.048098594,0.00889095,1.1890174,7.9048994e-05,12162,0.008843940682709217
26,2024-09-29,2024-10-06,2024,09,29,2024,10,06,0.07601733,0.07032603,0.066172555,0.03545484,1.4487127,0.0012570457,14395,0.03138546086847782
27,2024-10-07,2024-10-14,2024,10,07,2024,10,14,0.07448503,0.069051825,0.062017024,0.03621863,1.4258518,0.0013117892,21430,0.023138390854001045
28,2024-10-15,2024-10-22,2024,10,15,2024,10,22,0.07600924,0.069181934,0.06292971,0.040443033,1.494271,0.001635639,23692,0.03032947424799204
29,2024-10-23,2024-10-30,2024,10,23,2024,10,30,0.072192214,0.06659876,0.05999556,0.034883987,1.452303,0.0012168925,24958,0.03219936974346638
30,2024-10-31,2024-11-07,2024,10,31,2024,11,07,0.08586989,0.08024112,0.0749304,0.03665021,1.41763,0.0013432378,25647,0.028822313994169235
31,2024-11-08,2024-11-15,2024,11,08,2024,11,15,0.08509414,0.0799355,0.072836414,0.03500178,1.3956281,0.0012251247,27699,0.033968228846788406
32,2024-11-16,2024-11-23,2024,11,16,2024,11,23,0.095379725,0.08898642,0.08413698,0.0404306,1.4262676,0.0016346336,23918,0.040842315182089806
33,2024-11-24,2024-12-01,2024,11,24,2024,12,01,0.097827025,0.09274196,0.08939338,0.033862386,1.3781468,0.0011466611,18717,0.04448308050632477
34,2024-12-02,2024-12-09,2024,12,02,2024,12,09,0.08745435,0.083194785,0.07678057,0.030884946,1.3511258,0.0009538799,21190,0.027102235704660416
35,2024-12-10,2024-12-17,2024,12,10,2024,12,17,0.09847874,0.094056584,0.08838693,0.031777747,1.3444667,0.0010098253,27690,0.038832662627100945
36,2024-12-18,2024-12-25,2024,12,18,2024,12,25,0.100429386,0.0957814,0.08878328,0.0323602,1.3529234,0.0010471825,25431,0.04888046160340309
37,2024-12-26,2024-12-31,2024,12,26,2024,12,31,0.10669463,0.10029419,0.10604176,0.036022943,1.4386091,0.0012976523,8922,0.04844038002192974
38,2025-01-01,2025-01-08,2025,01,01,2025,01,08,0.11191226,0.107184045,0.09580286,0.036720008,1.3222121,0.001348359,22959,0.03530314564704895
39,2025-01-09,2025-01-16,2025,01,09,2025,01,16,0.11985416,0.116062224,0.11067648,0.031747766,1.2829537,0.0010079207,26529,0.04217654466629028
40,2025-01-17,2025-01-24,2025,01,17,2025,01,24,0.121036984,0.1171597,0.11277264,0.032123577,1.2867281,0.0010319242,27042,0.038053588941693306
41,2025-01-25,2025-02-01,2025,01,25,2025,02,01,0.110018365,0.10446101,0.102902845,0.036661725,1.3758465,0.0013440821,20202,0.050724953413009644
42,2025-02-02,2025-02-09,2025,02,02,2025,02,09,0.08979598,0.086739466,0.07977912,0.025736868,1.2885782,0.0006623864,23002,0.027960415929555893
43,2025-02-10,2025-02-17,2025,02,10,2025,02,17,0.09702114,0.091806106,0.08652855,0.03471793,1.3832887,0.0012053346,16815,0.043363507837057114
44,2025-02-18,2025-02-25,2025,02,18,2025,02,25,0.09502702,0.091084294,0.083934315,0.030441554,1.321825,0.0009266882,28928,0.034323858097195625
45,2025-02-26,2025-03-05,2025,02,26,2025,03,05,0.08493517,0.07984403,0.07510522,0.032636955,1.4037359,0.0010651709,26994,0.03563033230602741
46,2025-03-06,2025-03-13,2025,03,06,2025,03,13,0.08730146,0.082926355,0.07726139,0.031053033,1.359382,0.00096429087,26531,0.031334128230810165
47,2025-03-14,2025-03-21,2025,03,14,2025,03,21,0.0863639,0.08142287,0.07775774,0.032560043,1.3955991,0.0010601565,28159,0.03703785687685013
48,2025-03-22,2025-03-29,2025,03,22,2025,03,29,0.0772052,0.07169114,0.06702131,0.0356592,1.4407276,0.0012715786,21509,0.038743261247873306
49,2025-03-30,2025-04-06,2025,03,30,2025,04,06,0.07327357,0.06698032,0.06195018,0.037590593,1.4887247,0.0014130527,24981,0.036865804344415665
50,2025-04-07,2025-04-14,2025,04,07,2025,04,14,0.09014068,0.08242109,0.079764046,0.043628223,1.5012692,0.001903422,10922,0.04793839529156685
51,2025-04-15,2025-04-22,2025,04,15,2025,04,22,0.06380139,0.05950997,0.05484437,0.032312583,1.3873513,0.001044103,12817,0.0120401531457901
52,2025-04-23,2025-04-30,2025,04,23,2025,04,30,0.072759226,0.06973198,0.0664522,0.027474592,1.3048753,0.0007548532,24499,0.01886533573269844
