Unnamed: 0,start date,end date,start year,start month,start day,end year,end month,end day,Kd mean,Kd geometric mean,Kd median:,Kd std,Kd geometric std,Kd variance,Kd N
0,2024-03-05,2024-03-12,2024,3,5,2024,3,12,0.030181643,0.03012629,0.0298,0.0018610138,1.0619313,3.4633724e-06,12692
1,2024-03-13,2024-03-20,2024,3,13,2024,3,20,0.029471716,0.029441984,0.029399998,0.0013355833,1.0457817,1.7837826e-06,18899
2,2024-03-21,2024-03-28,2024,3,21,2024,3,28,0.0291761,0.029136835,0.029,0.0015268219,1.0530585,2.331185e-06,21214
3,2024-03-29,2024-04-05,2024,3,29,2024,4,5,0.029353162,0.029322451,0.029199999,0.0013519791,1.0466787,1.8278475e-06,19758
4,2024-04-06,2024-04-13,2024,4,6,2024,4,13,0.029269705,0.029239459,0.029199999,0.0013441601,1.046322,1.8067664e-06,19781
5,2024-04-14,2024-04-21,2024,4,14,2024,4,21,0.027498068,0.027458504,0.0274,0.0014980983,1.0547284,2.2442985e-06,17565
6,2024-04-22,2024-04-29,2024,4,22,2024,4,29,0.028286643,0.028254317,0.028199999,0.0013661884,1.0487555,1.8664707e-06,14189
7,2024-04-30,2024-05-07,2024,4,30,2024,5,7,0.028893372,0.028849905,0.029,0.0015892512,1.0563856,2.5257193e-06,6203
8,2024-05-08,2024-05-15,2024,5,8,2024,5,15,0.029161965,0.029139156,0.029,0.0011613199,1.0402368,1.348664e-06,5327
9,2024-05-16,2024-05-23,2024,5,16,2024,5,23,0.02823648,0.028201686,0.028199999,0.0014076917,1.0508454,1.9815961e-06,2774
10,2024-05-24,2024-05-31,2024,5,24,2024,5,31,0.025361981,0.025347238,0.0252,0.0009057068,1.0339637,8.203048e-07,19691
11,2024-06-01,2024-06-08,2024,6,1,2024,6,8,0.026252016,0.026231715,0.025999999,0.0010678532,1.0394883,1.1403104e-06,3514
12,2024-06-09,2024-06-16,2024,6,9,2024,6,16,0.02734768,0.027271692,0.0268,0.002394432,1.0717578,5.733305e-06,6747
13,2024-06-17,2024-06-24,2024,6,17,2024,6,24,0.025859026,0.0257663,0.0254,0.0026303793,1.0811342,6.9188955e-06,16657
14,2024-06-25,2024-07-02,2024,6,25,2024,7,2,0.02714995,0.027129322,0.026999999,0.0010733533,1.0394951,1.1520874e-06,12923
0,2024-07-03,2024-07-10,2024,7,3,2024,7,10,0.026681228,0.026671663,0.0266,0.0007184131,1.0270702,5.161174e-07,9354
1,2024-07-11,2024-07-18,2024,7,11,2024,7,18,0.030980121,0.030930044,0.030599998,0.001785349,1.0581862,3.187471e-06,1167
2,2024-07-19,2024-07-26,2024,7,19,2024,7,26,0.027996898,0.02797018,0.0278,0.001261649,1.0439982,1.591758e-06,6579
3,2024-07-27,2024-08-03,2024,7,27,2024,8,3,0.029280774,0.029238123,0.029199999,0.0015933203,1.0552919,2.5386696e-06,5633
4,2024-08-04,2024-08-11,2024,8,4,2024,8,11,0.028449126,0.028429953,0.0284,0.0010557156,1.0372177,1.1145355e-06,11997
5,2024-08-12,2024-08-19,2024,8,12,2024,8,19,0.029226137,0.029173294,0.029,0.0018807705,1.0600263,3.537298e-06,15518
0,2024-08-20,2024-08-27,2024,8,20,2024,8,27,0.028470881,0.028414832,0.028199999,0.0019386974,1.0623217,3.7585478e-06,25566
1,2024-08-28,2024-09-04,2024,8,28,2024,9,4,0.029708004,0.029541444,0.029,0.0036670265,1.103674,1.3447084e-05,14277
2,2024-09-05,2024-09-12,2024,9,5,2024,9,12,0.029246729,0.02910376,0.0286,0.0034479941,1.0953959,1.1888663e-05,22573
3,2024-09-13,2024-09-20,2024,9,13,2024,9,20,0.030662166,0.030535413,0.03,0.003117531,1.090313,9.719e-06,23141
4,2024-09-21,2024-09-28,2024,9,21,2024,9,28,0.031113373,0.03107888,0.031,0.0014758537,1.0480796,2.1781443e-06,10678
5,2024-09-29,2024-10-06,2024,9,29,2024,10,6,0.031111227,0.031001022,0.030599998,0.0027615316,1.0857321,7.626057e-06,11873
6,2024-10-07,2024-10-14,2024,10,7,2024,10,14,0.03126342,0.031150136,0.030599998,0.0028088328,1.0866607,7.889542e-06,18538
7,2024-10-15,2024-10-22,2024,10,15,2024,10,22,0.03146422,0.031382527,0.0308,0.0023730444,1.0731682,5.63134e-06,21308
8,2024-10-23,2024-10-30,2024,10,23,2024,10,30,0.031886104,0.031815533,0.0314,0.0022087381,1.0675242,4.8785237e-06,22093
9,2024-10-31,2024-11-07,2024,10,31,2024,11,7,0.03185382,0.031771675,0.0312,0.0023897896,1.0729758,5.711094e-06,22581
10,2024-11-08,2024-11-15,2024,11,8,2024,11,15,0.032814432,0.032736376,0.0324,0.0023554729,1.070141,5.5482524e-06,24475
11,2024-11-16,2024-11-23,2024,11,16,2024,11,23,0.0335741,0.033474673,0.033,0.0027474884,1.0778031,7.5486923e-06,21112
12,2024-11-24,2024-12-01,2024,11,24,2024,12,1,0.033937827,0.033867646,0.0334,0.0022417943,1.0656229,5.0256417e-06,16483
13,2024-12-02,2024-12-09,2024,12,2,2024,12,9,0.03318428,0.03311337,0.0324,0.0022426713,1.0665128,5.0295744e-06,18921
14,2024-12-10,2024-12-17,2024,12,10,2024,12,17,0.03302253,0.032978993,0.0326,0.0017352344,1.0521231,3.0110384e-06,24536
15,2024-12-18,2024-12-25,2024,12,18,2024,12,25,0.03323686,0.033181954,0.0326,0.0019434614,1.0587121,3.777042e-06,22548
16,2024-12-26,2024-12-31,2024,12,26,2024,12,31,0.034441963,0.03436763,0.034199998,0.002289353,1.0675972,5.2411365e-06,7206
17,2025-01-01,2025-01-08,2025,1,1,2025,1,8,0.033854354,0.033799842,0.0332,0.0019540994,1.0579332,3.8185044e-06,20046
18,2025-01-09,2025-01-16,2025,1,9,2025,1,16,0.033337288,0.03329135,0.0332,0.0017659788,1.0536982,3.118681e-06,23745
19,2025-01-17,2025-01-24,2025,1,17,2025,1,24,0.033406876,0.033357777,0.033,0.0018456227,1.0552381,3.406323e-06,24252
0,2025-01-25,2025-02-01,2025,1,25,2025,2,1,0.034540866,0.03448877,0.034199998,0.0019267645,1.0560657,3.7124216e-06,17855
1,2025-02-02,2025-02-09,2025,2,2,2025,2,9,0.03199741,0.031940676,0.0314,0.0019536277,1.060657,3.816661e-06,20723
2,2025-02-10,2025-02-17,2025,2,10,2025,2,17,0.032894894,0.032830518,0.0326,0.0021220532,1.063693,4.50311e-06,14909
3,2025-02-18,2025-02-25,2025,2,18,2025,2,25,0.030878004,0.030815221,0.030199999,0.0020414167,1.0647286,4.167382e-06,25603
4,2025-02-26,2025-03-05,2025,2,26,2025,3,5,0.030923704,0.030871527,0.030599998,0.0018449215,1.0590773,3.4037355e-06,23815
5,2025-03-06,2025-03-13,2025,3,6,2025,3,13,0.0313927,0.031319395,0.031,0.0022034573,1.0698822,4.8552242e-06,23540
6,2025-03-14,2025-03-21,2025,3,14,2025,3,21,0.030182676,0.030134605,0.0298,0.0017582932,1.0571913,3.091595e-06,25179
7,2025-03-22,2025-03-29,2025,3,22,2025,3,29,0.030199138,0.030105304,0.0296,0.0025068487,1.080225,6.28429e-06,19248
8,2025-03-30,2025-04-06,2025,3,30,2025,4,6,0.030198283,0.030114507,0.0298,0.0024575645,1.0744268,6.0396233e-06,22255
9,2025-04-07,2025-04-14,2025,4,7,2025,4,14,0.029657833,0.02949358,0.029,0.00350083,1.1050329,1.2255809e-05,9140
10,2025-04-15,2025-04-22,2025,4,15,2025,4,22,0.030837217,0.030758984,0.030399999,0.0023436216,1.07162,5.4925617e-06,11624
11,2025-04-23,2025-04-30,2025,4,23,2025,4,30,0.02946633,0.029396567,0.029199999,0.0022219464,1.0685097,4.9370456e-06,21996
