,start date,end date,start year,start month,start day,end year,end month,end day,PAR mean,PAR geometric mean,PAR median:,PAR std,PAR geometric std,PAR variance,PAR N
0,2024-03-05,2024-03-12,2024,03,05,2024,03,12,1445.5745,1437.8895,1461.7,144.76498,1.1107368,20956.898,26064
1,2024-03-13,2024-03-20,2024,03,13,2024,03,20,1633.8907,1623.7657,1676.775,174.3745,1.120886,30406.463,26064
2,2024-03-21,2024-03-28,2024,03,21,2024,03,28,1681.9077,1665.1354,1751.125,218.71826,1.1596831,47837.676,26064
3,2024-03-29,2024-04-05,2024,03,29,2024,04,05,1731.7172,1723.8112,1763.1,158.05893,1.1030897,24982.627,26064
4,2024-04-06,2024-04-13,2024,04,06,2024,04,13,1653.9943,1650.2064,1662.15,110.31395,1.0706687,12169.168,26064
5,2024-04-14,2024-04-21,2024,04,14,2024,04,21,1678.4137,1675.3527,1687.3,99.45864,1.0629545,9892.021,26064
6,2024-04-22,2024-04-29,2024,04,22,2024,04,29,1688.1069,1682.3486,1706.95,135.28407,1.0877148,18301.78,26064
7,2024-04-30,2024-05-07,2024,04,30,2024,05,07,1701.8733,1698.5254,1706.75,105.7742,1.0651363,11188.182,26064
8,2024-05-08,2024-05-15,2024,05,08,2024,05,15,1617.7948,1614.3923,1620.2,104.51437,1.0672297,10923.255,26064
9,2024-05-16,2024-05-23,2024,05,16,2024,05,23,1633.4241,1629.8947,1632.9,106.801956,1.0682253,11406.657,26064
10,2024-05-24,2024-05-31,2024,05,24,2024,05,31,1920.7513,1914.5997,1969.4,150.60645,1.0843506,22682.303,25950
11,2024-06-01,2024-06-08,2024,06,01,2024,06,08,1647.5197,1640.9557,1653.65,145.0842,1.0942533,21049.426,26064
12,2024-06-09,2024-06-16,2024,06,09,2024,06,16,1731.3739,1725.0864,1750.3,145.35341,1.0898572,21127.611,26064
13,2024-06-17,2024-06-24,2024,06,17,2024,06,24,1640.6135,1633.483,1654.55,149.98695,1.099042,22496.088,26064
14,2024-06-25,2024-07-02,2024,06,25,2024,07,02,1689.6189,1684.2485,1688.35,133.21129,1.0836828,17745.248,26064
15,2024-07-03,2024-07-10,2024,07,03,2024,07,10,1759.5043,1755.567,1760.95,115.4951,1.0699949,13339.118,26064
16,2024-07-11,2024-07-18,2024,07,11,2024,07,18,1523.4276,1518.1167,1532.375,125.28482,1.0879952,15696.287,26064
17,2024-07-19,2024-07-26,2024,07,19,2024,07,26,1678.938,1675.5979,1685.15,104.91897,1.0655205,11007.99,26064
18,2024-07-27,2024-08-03,2024,07,27,2024,08,03,1649.7673,1646.6442,1655.5,100.99866,1.0637164,10200.7295,26064
19,2024-08-04,2024-08-11,2024,08,04,2024,08,11,1711.2445,1706.6008,1715.95,124.571434,1.0770622,15518.043,26064
20,2024-08-12,2024-08-19,2024,08,12,2024,08,19,1670.3129,1666.2416,1679.675,112.6946,1.0738531,12700.073,26064
21,2024-08-20,2024-08-27,2024,08,20,2024,08,27,1868.5715,1858.7057,1923.6,169.15578,1.1166438,28613.678,26064
22,2024-08-28,2024-09-04,2024,08,28,2024,09,04,1571.601,1565.967,1570.1,131.97136,1.0889478,17416.441,26064
23,2024-09-05,2024-09-12,2024,09,05,2024,09,12,1726.293,1716.3229,1779.0,174.48679,1.1177597,30445.639,26064
24,2024-09-13,2024-09-20,2024,09,13,2024,09,20,1579.421,1573.3019,1595.2,134.48145,1.0939646,18085.26,26064
25,2024-09-21,2024-09-28,2024,09,21,2024,09,28,1387.3376,1379.6344,1401.075,144.4974,1.1121665,20879.5,26064
26,2024-09-29,2024-10-06,2024,09,29,2024,10,06,1532.2961,1529.8059,1541.35,86.36004,1.0590885,7458.0566,26064
27,2024-10-07,2024-10-14,2024,10,07,2024,10,14,1472.16,1465.8739,1492.65,128.5688,1.100193,16529.936,26064
28,2024-10-15,2024-10-22,2024,10,15,2024,10,22,1474.6562,1464.9382,1501.2,159.63153,1.1262764,25482.227,26064
29,2024-10-23,2024-10-30,2024,10,23,2024,10,30,1330.3644,1319.5288,1347.2,165.23618,1.138902,27302.994,26064
30,2024-10-31,2024-11-07,2024,10,31,2024,11,07,1339.1656,1336.471,1349.15,83.26784,1.0662787,6933.532,26064
31,2024-11-08,2024-11-15,2024,11,08,2024,11,15,1131.07,1126.6971,1135.4,97.95466,1.0929104,9595.115,26064
32,2024-11-16,2024-11-23,2024,11,16,2024,11,23,1058.1573,1049.8252,1066.45,130.10677,1.135827,16927.77,26064
33,2024-11-24,2024-12-01,2024,11,24,2024,12,01,904.22736,896.0986,904.2,119.02024,1.1459156,14165.818,26064
34,2024-12-02,2024-12-09,2024,12,02,2024,12,09,866.5916,843.5819,879.95,189.1395,1.2724134,35773.75,26064
35,2024-12-10,2024-12-17,2024,12,10,2024,12,17,754.6889,736.94745,755.7,157.33777,1.2524288,24755.172,26064
36,2024-12-18,2024-12-25,2024,12,18,2024,12,25,773.26306,756.88324,778.14996,151.95883,1.2385036,23091.484,26064
37,2024-12-26,2024-12-31,2024,12,26,2024,12,31,924.745,912.68646,942.57495,141.31184,1.1827209,19969.04,26064
38,2025-01-01,2025-01-08,2025,01,01,2025,01,08,837.5991,823.15247,835.95,152.84189,1.2088914,23360.643,26064
39,2025-01-09,2025-01-16,2025,01,09,2025,01,16,759.05817,721.971,774.375,208.26057,1.4165356,43372.465,26064
40,2025-01-17,2025-01-24,2025,01,17,2025,01,24,709.2677,694.2111,703.525,143.92534,1.2344302,20714.502,26064
41,2025-01-25,2025-02-01,2025,01,25,2025,02,01,924.5749,913.30164,930.14996,140.6325,1.1729379,19777.502,26064
42,2025-02-02,2025-02-09,2025,02,02,2025,02,09,1043.7631,1028.4452,1050.0,172.60123,1.1925076,29791.182,26064
43,2025-02-10,2025-02-17,2025,02,10,2025,02,17,1336.2721,1333.4716,1341.45,85.754295,1.0672816,7353.799,26064
44,2025-02-18,2025-02-25,2025,02,18,2025,02,25,1471.7557,1465.4231,1508.55,132.01111,1.0992012,17426.934,26064
45,2025-02-26,2025-03-05,2025,02,26,2025,03,05,1557.8534,1552.6244,1578.0,124.39916,1.0867238,15475.151,26064
46,2025-03-06,2025-03-13,2025,03,06,2025,03,13,1642.8766,1638.0508,1663.25,121.41893,1.0814084,14742.557,26064
47,2025-03-14,2025-03-21,2025,03,14,2025,03,21,1698.1914,1692.006,1729.8,141.63568,1.0903822,20060.666,26064
48,2025-03-22,2025-03-29,2025,03,22,2025,03,29,1624.0835,1617.5757,1634.775,142.91467,1.0947272,20424.604,26064
49,2025-03-30,2025-04-06,2025,03,30,2025,04,06,1772.2803,1765.7634,1805.75,145.79515,1.091743,21256.227,26064
50,2025-04-07,2025-04-14,2025,04,07,2025,04,14,1581.0685,1569.7552,1609.3,185.50078,1.1289406,34410.54,26064
51,2025-04-15,2025-04-22,2025,04,15,2025,04,22,1512.0234,1506.9722,1515.85,122.333534,1.0858226,14965.493,26064
52,2025-04-23,2025-04-30,2025,04,23,2025,04,30,1655.1368,1651.4752,1664.35,108.44654,1.0694342,11760.652,26064
