,start date,end_date,start year,start month,start day,end year,end month,end day,POC-a mean,POC geometric mean,POC median,POC std,POC geometric std,POC variance,POC N,POC IQR
0,20120117,20120124,2012,01,17,2012,01,24,43.1099,42.21054,40.199707,9.889736,1.2159209,97.80688,23691,7.60009765625
1,20120125,20120201,2012,01,25,2012,02,01,43.32527,42.34902,39.600098,10.548812,1.2220274,111.277435,26046,5.39990234375
2,20120202,20120209,2012,02,02,2012,02,09,39.94794,39.297977,37.0,8.071814,1.1878386,65.154175,26030,6.0
3,20120210,20120217,2012,02,10,2012,02,17,39.922024,39.119167,36.799805,9.095243,1.2100401,82.72346,25712,7.0
4,20120218,20120225,2012,02,18,2012,02,25,44.967667,43.913082,41.0,11.399781,1.2254838,129.95502,21123,8.0
5,20120226,20120304,2012,02,26,2012,03,04,53.505997,46.974876,42.600098,67.45348,1.4405428,4549.9727,18337,12.39990234375
6,20120305,20120312,2012,03,05,2012,03,12,41.376488,40.44744,37.199707,10.434525,1.219622,108.879295,25720,8.2001953125
7,20120313,20120320,2012,03,13,2012,03,20,37.759716,37.07739,35.0,8.37992,1.1974491,70.22306,24764,8.0
8,20120321,20120328,2012,03,21,2012,03,28,35.99821,35.191868,33.799805,10.190826,1.2132618,103.85295,24138,7.60009765625
9,20120329,20120405,2012,03,29,2012,04,05,35.86145,34.96468,33.799805,9.997204,1.2300932,99.94408,24905,8.0
10,20120406,20120413,2012,04,06,2012,04,13,37.370415,36.16526,34.0,12.211351,1.2602689,149.11711,24553,7.80029296875
11,20120414,20120421,2012,04,14,2012,04,21,36.391605,35.61694,33.799805,9.059853,1.2112334,82.080925,22034,5.80029296875
12,20120422,20120429,2012,04,22,2012,04,29,35.353806,34.76304,33.0,7.499561,1.1875508,56.243416,25485,5.0
13,20120430,20120507,2012,04,30,2012,05,07,38.149273,37.641247,36.0,7.0345387,1.1678015,49.484734,13300,5.0
14,20120508,20120515,2012,05,08,2012,05,15,32.976517,32.49571,31.199707,6.728481,1.1713827,45.272453,24590,3.39990234375
15,20120516,20120523,2012,05,16,2012,05,23,35.023003,34.408466,32.600098,7.918475,1.1885033,62.702248,26025,3.39990234375
16,20120524,20120531,2012,05,24,2012,05,31,37.16175,36.726078,36.0,6.311056,1.1583618,39.82943,11911,5.60009765625
17,20120601,20120608,2012,06,01,2012,06,08,38.509644,37.88148,36.799805,7.8707714,1.1880275,61.94904,15618,6.39990234375
18,20120609,20120616,2012,06,09,2012,06,16,37.08251,36.8013,36.0,5.101579,1.1250813,26.02611,10018,3.7998046875
19,20120617,20120624,2012,06,17,2012,06,24,35.101078,34.53295,34.0,7.2264967,1.1867663,52.22225,18240,4.80029296875
20,20120625,20120702,2012,06,25,2012,07,02,33.985954,33.681824,32.600098,5.37717,1.1333894,28.913956,24504,3.39990234375
21,20120703,20120710,2012,07,03,2012,07,10,36.338,36.180534,36.0,3.4287913,1.0971578,11.756609,8928,4.60009765625
22,20120711,20120718,2012,07,11,2012,07,18,39.526253,38.910393,38.399902,7.8272243,1.1863097,61.26544,7275,7.80029296875
23,20120719,20120726,2012,07,19,2012,07,26,40.804714,40.45185,40.0,5.767728,1.1372029,33.266685,3829,6.2001953125
24,20120727,20120803,2012,07,27,2012,08,03,40.87258,40.65043,40.600098,4.3120284,1.1096175,18.593588,2785,5.80029296875
25,20120804,20120811,2012,08,04,2012,08,11,40.01755,39.716274,39.0,5.074092,1.1289866,25.74641,4998,5.7998046875
26,20120812,20120819,2012,08,12,2012,08,19,41.114788,40.237434,38.399902,9.719489,1.217658,94.46846,6563,8.0
27,20120820,20120827,2012,08,20,2012,08,27,38.878742,38.43629,37.199707,6.564734,1.1549413,43.095734,2088,5.39990234375
28,20120828,20120904,2012,08,28,2012,09,04,38.444088,37.722767,36.0,8.6738825,1.2000439,75.236244,18150,5.2001953125
29,20120905,20120912,2012,09,05,2012,09,12,38.504627,37.989742,36.399902,6.7951913,1.1719632,46.17462,7616,5.60009765625
30,20120913,20120920,2012,09,13,2012,09,20,40.849636,40.29616,39.0,7.142759,1.1747859,51.019005,5477,7.7998046875
31,20120921,20120928,2012,09,21,2012,09,28,38.785965,38.41793,38.0,5.424092,1.1474372,29.420773,3013,8.39990234375
32,20120929,20121006,2012,09,29,2012,10,06,35.55285,35.119804,33.600098,6.1284695,1.1614103,37.558136,24884,4.0
33,20121007,20121014,2012,10,07,2012,10,14,33.906826,33.394012,31.600098,6.4633,1.1823963,41.77425,26048,5.0
34,20121015,20121022,2012,10,15,2012,10,22,37.51256,36.739273,35.0,8.153909,1.2196577,66.48622,19232,9.0
35,20121023,20121030,2012,10,23,2012,10,30,36.72621,36.01537,33.600098,8.020639,1.207906,64.33066,24813,6.39990234375
36,20121031,20121107,2012,10,31,2012,11,07,36.311974,35.686455,33.600098,7.300623,1.1971976,53.299095,25721,7.19970703125
37,20121108,20121115,2012,11,08,2012,11,15,37.756554,37.100124,35.199707,7.464585,1.2006426,55.720024,23282,9.0
38,20121116,20121123,2012,11,16,2012,11,23,36.026505,35.573956,33.799805,6.0291986,1.1677967,36.35124,26033,7.19970703125
39,20121124,20121201,2012,11,24,2012,12,01,38.444862,37.936684,37.0,6.394192,1.1759278,40.885693,18778,8.80029296875
40,20121202,20121209,2012,12,02,2012,12,09,36.198284,35.780426,34.199707,5.798203,1.1606342,33.619156,23998,7.39990234375
41,20121210,20121217,2012,12,10,2012,12,17,39.478313,38.981533,37.199707,6.549494,1.1689016,42.895866,25983,9.80029296875
42,20121218,20121225,2012,12,18,2012,12,25,40.150513,39.581844,37.199707,7.241081,1.1783124,52.433254,23822,10.0
43,20121226,20121231,2012,12,26,2012,12,31,41.9644,41.52314,40.199707,6.421183,1.1532321,41.23159,22612,8.7998046875
44,20130101,20130108,2013,01,01,2013,01,08,42.36899,41.831882,40.399902,7.1165996,1.1693034,50.645992,24924,10.0
45,20130109,20130116,2013,01,09,2013,01,16,46.92237,46.278152,45.199707,8.163128,1.1775028,66.63666,20583,11.19970703125
46,20130117,20130124,2013,01,17,2013,01,24,44.18062,43.558666,42.399902,7.709317,1.1808062,59.43357,21783,10.599609375
47,20130125,20130201,2013,01,25,2013,02,01,43.085682,42.540524,40.799805,7.2984014,1.1681877,53.266663,24323,9.7998046875
48,20130202,20130209,2013,02,02,2013,02,09,45.27541,44.54174,43.0,8.813525,1.1915603,77.67823,16150,11.0
49,20130210,20130217,2013,02,10,2013,02,17,42.76321,42.05369,40.600098,8.716753,1.1910784,75.98179,25456,10.19970703125
50,20130218,20130225,2013,02,18,2013,02,25,47.51258,46.419613,44.799805,11.954372,1.2242002,142.90703,20776,11.2001953125
51,20130226,20130305,2013,02,26,2013,03,05,44.21426,43.21546,41.799805,10.854817,1.2238455,117.827065,23801,9.80029296875
52,20130306,20130313,2013,03,06,2013,03,13,40.157917,39.19038,37.199707,9.88115,1.2349894,97.63714,25815,12.0
53,20130314,20130321,2013,03,14,2013,03,21,38.44935,37.661446,36.199707,9.009334,1.2116556,81.16809,24721,8.39990234375
54,20130322,20130329,2013,03,22,2013,03,29,35.445557,34.595333,33.399902,8.931991,1.2314517,79.780464,25573,8.599609375
55,20130330,20130406,2013,03,30,2013,04,06,32.012268,31.599295,30.799805,5.5630007,1.1686368,30.946978,24773,5.80029296875
56,20130407,20130414,2013,04,07,2013,04,14,32.41667,31.925852,30.600098,6.206027,1.1827472,38.51477,24654,6.80029296875
57,20130415,20130422,2013,04,15,2013,04,22,34.821384,34.28282,32.600098,6.733464,1.184877,45.339535,23414,7.39990234375
58,20130423,20130430,2013,04,23,2013,04,30,36.083145,35.749382,35.399902,5.2951117,1.141576,28.038206,12210,6.400390625
59,20130501,20130508,2013,05,01,2013,05,08,31.078102,30.74525,30.199707,4.837582,1.1538588,23.402203,18604,6.2001953125
60,20130509,20130516,2013,05,09,2013,05,16,32.271366,31.946411,31.399902,4.8199806,1.1497257,23.232212,23233,6.0
61,20130517,20130524,2013,05,17,2013,05,24,33.89984,33.35255,32.600098,6.7067437,1.1900012,44.98041,15675,7.0
62,20130525,20130601,2013,05,25,2013,06,01,36.034187,35.551655,34.199707,6.8440723,1.1664069,46.841328,22767,4.7998046875
63,20130602,20130609,2013,06,02,2013,06,09,36.48197,36.180008,35.199707,5.212973,1.131053,27.17509,6331,3.60009765625
64,20130610,20130617,2013,06,10,2013,06,17,37.796444,37.228718,36.199707,7.570133,1.1780479,57.306915,11046,6.2001953125
65,20130626,20130703,2013,06,26,2013,07,03,35.218098,34.682472,33.399902,7.1720004,1.1783005,51.437588,21708,5.400390625
66,20130704,20130711,2013,07,04,2013,07,11,35.542282,35.434937,35.399902,2.8464463,1.0798289,8.102257,10597,3.0
67,20130712,20130719,2013,07,12,2013,07,19,38.277065,37.806305,36.600098,6.572893,1.1631446,43.202927,2900,5.400390625
68,20130720,20130727,2013,07,20,2013,07,27,36.29898,35.659748,34.199707,8.223897,1.1898707,67.63248,20775,5.0
69,20130728,20130804,2013,07,28,2013,08,04,40.007328,39.781967,39.399902,4.587019,1.1086886,21.040745,1400,4.39990234375
70,20130805,20130812,2013,08,05,2013,08,12,37.686115,37.18237,36.199707,7.076072,1.1674478,50.070797,13861,5.0
71,20130813,20130820,2013,08,13,2013,08,20,37.133263,36.183086,34.199707,10.074798,1.2343904,101.50156,15958,6.80029296875
72,20130821,20130828,2013,08,21,2013,08,28,36.37911,35.673557,34.0,8.489697,1.2015982,72.07497,19419,5.0
73,20130829,20130905,2013,08,29,2013,09,05,35.466465,34.525177,32.600098,9.838236,1.2384027,96.790886,25438,5.60009765625
74,20130906,20130913,2013,09,06,2013,09,13,33.83264,33.010437,30.799805,8.94442,1.2267157,80.002655,25770,4.60009765625
75,20130914,20130921,2013,09,14,2013,09,21,35.17177,34.2781,32.399902,9.179022,1.2372723,84.25445,23966,6.60009765625
76,20130922,20130929,2013,09,22,2013,09,29,35.470436,34.667496,32.600098,8.860202,1.2202195,78.50318,26027,4.19970703125
77,20130930,20131007,2013,09,30,2013,10,07,36.12205,35.18785,32.600098,9.404877,1.2406873,88.451706,24656,6.60009765625
78,20131008,20131015,2013,10,08,2013,10,15,39.327564,38.4729,36.0,9.243953,1.2199773,85.45067,24509,7.2001953125
79,20131016,20131023,2013,10,16,2013,10,23,38.34053,37.379475,35.0,9.537738,1.2402579,90.96844,18875,8.60009765625
80,20131024,20131031,2013,10,24,2013,10,31,37.161064,36.45733,33.799805,7.985179,1.2059723,63.76308,24772,7.400390625
81,20131101,20131108,2013,11,01,2013,11,08,38.312603,37.656944,35.600098,7.6102962,1.1974896,57.91661,25502,8.60009765625
82,20131109,20131116,2013,11,09,2013,11,16,36.810143,36.14738,33.199707,7.4660635,1.2031497,55.742104,26034,9.7998046875
83,20131117,20131124,2013,11,17,2013,11,24,38.12405,37.455265,35.199707,7.513579,1.2021724,56.453865,25154,10.60009765625
84,20131125,20131202,2013,11,25,2013,12,02,37.849148,37.27665,35.0,7.1145134,1.1847576,50.616302,25843,9.39990234375
85,20131203,20131210,2013,12,03,2013,12,10,39.79338,39.154934,37.600098,7.7344427,1.1898696,59.8216,24100,8.39990234375
86,20131211,20131218,2013,12,11,2013,12,18,42.88747,41.993656,39.0,9.547973,1.2188879,91.16378,25052,10.39990234375
87,20131219,20131226,2013,12,19,2013,12,26,44.91427,43.684696,41.0,11.781602,1.2520922,138.80614,20308,12.2001953125
88,20140101,20140108,2014,01,01,2014,01,08,39.40948,38.658127,36.399902,8.472615,1.207374,71.7852,25920,9.60009765625
89,20140109,20140116,2014,01,09,2014,01,16,40.193165,39.329266,36.799805,9.2987,1.2199144,86.46583,25643,8.80029296875
90,20140117,20140124,2014,01,17,2014,01,24,38.60909,37.49285,34.399902,12.393231,1.2462661,153.59218,25801,8.2001953125
91,20140125,20140201,2014,01,25,2014,02,01,38.67593,37.767963,35.799805,9.34876,1.231526,87.3993,24020,8.599609375
92,20140202,20140209,2014,02,02,2014,02,09,38.344093,37.537857,35.199707,8.614042,1.2193059,74.20172,20933,9.60009765625
93,20140210,20140217,2014,02,10,2014,02,17,37.017925,36.45241,34.399902,7.138081,1.1830547,50.952198,24577,7.0
94,20140218,20140225,2014,02,18,2014,02,25,35.556854,34.95206,33.399902,7.184623,1.1950731,51.618805,23764,6.80029296875
95,20140226,20140305,2014,02,26,2014,03,05,33.819695,33.397285,32.0,5.620484,1.1678265,31.589838,26046,7.0
96,20140306,20140313,2014,03,06,2014,03,13,31.361755,31.0064,29.600098,4.974302,1.1589981,24.74368,26056,5.80029296875
97,20140314,20140321,2014,03,14,2014,03,21,30.73245,30.38013,29.0,5.0476336,1.157991,25.478607,26057,5.60009765625
98,20140322,20140329,2014,03,22,2014,03,29,32.233856,31.794905,31.0,5.6800117,1.1749806,32.262535,22443,7.0
99,20140330,20140406,2014,03,30,2014,04,06,32.55735,32.220325,31.199707,4.9629235,1.1511275,24.630608,24383,6.0
100,20140407,20140414,2014,04,07,2014,04,14,31.553413,31.302565,30.600098,4.208152,1.1313785,17.70854,24191,4.39990234375
101,20140415,20140422,2014,04,15,2014,04,22,35.153442,34.85125,34.199707,4.812444,1.1377907,23.159618,17416,5.60009765625
102,20140423,20140430,2014,04,23,2014,04,30,32.25318,32.08661,31.399902,3.4865518,1.104079,12.156044,25534,3.60009765625
103,20140501,20140508,2014,05,01,2014,05,08,31.255795,31.073698,30.199707,3.551804,1.1114373,12.615313,26014,4.2001953125
104,20140509,20140516,2014,05,09,2014,05,16,30.170107,29.986437,29.0,3.6236832,1.1121718,13.13108,26064,3.39990234375
105,20140517,20140524,2014,05,17,2014,05,24,31.46052,31.298676,30.600098,3.3417706,1.1046728,11.167431,24870,3.60009765625
106,20140525,20140601,2014,05,25,2014,06,01,34.166325,33.970345,33.600098,3.855216,1.1108836,14.86269,8309,4.2001953125
107,20140602,20140609,2014,06,02,2014,06,09,37.970238,37.82552,38.0,3.3462358,1.091072,11.197293,1254,4.60009765625
108,20140610,20140617,2014,06,10,2014,06,17,36.587368,36.28638,37.0,4.6422687,1.1385432,21.550657,6668,6.400390625
109,20140618,20140625,2014,06,18,2014,06,25,34.5767,34.424847,34.0,3.3325644,1.0972742,11.105985,14669,3.7998046875
110,20140626,20140703,2014,06,26,2014,07,03,36.01277,35.820343,35.399902,3.7814844,1.1083912,14.299624,6200,4.7998046875
111,20140704,20140711,2014,07,04,2014,07,11,36.3542,36.145767,36.199707,3.8766434,1.1139057,15.028364,12116,5.0
112,20140712,20140719,2014,07,12,2014,07,19,34.71313,34.549183,34.399902,3.4230063,1.1017394,11.716972,21779,3.7998046875
113,20140720,20140727,2014,07,20,2014,07,27,33.682613,33.576546,33.399902,2.7121582,1.0821717,7.3558016,23913,3.0
114,20140728,20140804,2014,07,28,2014,08,04,34.726097,34.44039,34.399902,4.50407,1.1367238,20.286646,12065,6.60009765625
115,20140805,20140812,2014,08,05,2014,08,12,38.411057,38.04091,37.799805,5.4232187,1.1485425,29.4113,7531,6.39990234375
116,20140813,20140820,2014,08,13,2014,08,20,39.029366,38.761356,37.799805,4.715641,1.122944,22.237272,11818,5.7998046875
117,20140821,20140828,2014,08,21,2014,08,28,36.48714,36.208416,35.799805,4.6989675,1.129454,22.080294,16994,5.400390625
118,20140829,20140905,2014,08,29,2014,09,05,34.050125,33.906265,33.199707,3.202192,1.0953565,10.254034,22765,4.599609375
119,20140906,20140913,2014,09,06,2014,09,13,35.570576,35.39906,35.199707,3.544197,1.102745,12.561334,14199,4.400390625
120,20140914,20140921,2014,09,14,2014,09,21,31.815031,31.724884,31.600098,2.457538,1.0773404,6.0394926,26053,2.39990234375
121,20140922,20140929,2014,09,22,2014,09,29,33.20386,33.065773,32.799805,3.1166058,1.0943433,9.713232,25042,3.2001953125
122,20140930,20141007,2014,09,30,2014,10,07,32.49212,32.392624,32.0,2.617898,1.0803741,6.8533897,25934,2.80029296875
123,20141008,20141015,2014,10,08,2014,10,15,33.07391,32.805992,33.0,4.253233,1.1357162,18.089993,16563,5.80029296875
124,20141016,20141023,2014,10,16,2014,10,23,31.946108,31.821445,31.199707,2.958638,1.0903875,8.753539,26051,2.400390625
125,20141024,20141031,2014,10,24,2014,10,31,32.920425,32.72402,32.199707,3.6983082,1.1142008,13.6774845,24163,4.2001953125
126,20141101,20141108,2014,11,01,2014,11,08,34.421486,34.251266,33.399902,3.6066973,1.1020627,13.0082655,26038,3.0
127,20141109,20141116,2014,11,09,2014,11,16,35.50365,35.222885,34.600098,4.567333,1.1330101,20.860535,22775,6.39990234375
128,20141117,20141124,2014,11,17,2014,11,24,34.123337,33.94761,32.799805,3.607933,1.104838,13.01718,26064,4.19970703125
129,20141125,20141202,2014,11,25,2014,12,02,35.185905,35.024227,34.0,3.506721,1.0988398,12.297092,26058,3.80029296875
130,20141203,20141210,2014,12,03,2014,12,10,34.776356,34.560833,34.0,3.974578,1.1165607,15.797269,25916,5.7998046875
131,20141211,20141218,2014,12,11,2014,12,18,34.74104,34.533535,34.0,3.901521,1.1142929,15.221867,25973,5.2001953125
132,20141219,20141226,2014,12,19,2014,12,26,36.840126,36.51695,35.799805,5.0084133,1.1403903,25.084204,21794,7.0
133,20141227,20141231,2014,12,27,2014,12,31,41.28712,41.155334,40.600098,3.346627,1.0827311,11.199913,11351,4.19970703125
134,20150101,20150108,2015,01,01,2015,01,08,38.72884,38.52242,38.0,4.178614,1.1067741,17.460817,24995,4.19970703125
135,20150109,20150116,2015,01,09,2015,01,16,37.283993,37.04371,36.0,4.5027375,1.1169648,20.274647,25921,5.2001953125
136,20150117,20150124,2015,01,17,2015,01,24,36.902477,36.738632,36.199707,3.6564865,1.09662,13.369894,24726,3.39990234375
137,20150125,20150201,2015,01,25,2015,02,01,35.95117,35.77182,35.0,3.7949455,1.1024809,14.40161,26031,4.0
138,20150202,20150209,2015,02,02,2015,02,09,33.698162,33.540928,33.199707,3.3684928,1.099957,11.346745,26013,4.0
139,20150210,20150217,2015,02,10,2015,02,17,31.096298,30.96238,30.600098,3.0090919,1.0954225,9.054634,26063,3.0
140,20150218,20150225,2015,02,18,2015,02,25,33.014175,32.765186,33.199707,4.106583,1.1303935,16.864023,21510,6.0
141,20150226,20150305,2015,02,26,2015,03,05,34.114536,33.939167,34.0,3.5016935,1.1063938,12.261858,25853,4.39990234375
142,20150306,20150313,2015,03,06,2015,03,13,32.942398,32.724693,32.600098,3.87229,1.1209432,14.994629,25896,4.60009765625
143,20150314,20150321,2015,03,14,2015,03,21,31.032576,30.833118,30.0,3.7113853,1.1172329,13.77438,26062,3.7998046875
144,20150322,20150329,2015,03,22,2015,03,29,31.671295,31.338932,30.799805,4.7326207,1.1542908,22.3977,22655,5.60009765625
145,20150330,20150406,2015,03,30,2015,04,06,33.237015,32.99042,32.399902,4.2214174,1.1273166,17.820364,23115,5.0
146,20150407,20150414,2015,04,07,2015,04,14,30.944733,30.741278,30.199707,3.7073848,1.1193212,13.744702,25938,4.2001953125
147,20150415,20150422,2015,04,15,2015,04,22,37.440475,37.247017,37.199707,3.8439224,1.106819,14.775739,17663,5.7998046875
148,20150423,20150430,2015,04,23,2015,04,30,34.197258,33.934616,33.399902,4.3270016,1.1310823,18.722944,17284,6.0
149,20150501,20150508,2015,05,01,2015,05,08,35.13763,34.94712,34.600098,3.7199562,1.1091939,13.838075,21023,5.0
150,20150509,20150516,2015,05,09,2015,05,16,34.505024,34.249195,33.600098,4.315229,1.128309,18.621202,13523,4.60009765625
151,20150517,20150524,2015,05,17,2015,05,24,30.76117,30.626291,29.799805,2.9593987,1.0970111,8.75804,25970,3.7998046875
152,20150525,20150601,2015,05,25,2015,06,01,30.782352,30.657944,30.0,2.9193444,1.0918349,8.522572,14405,2.60009765625
153,20150602,20150609,2015,06,02,2015,06,09,32.917374,32.765385,32.399902,3.2489915,1.0998992,10.555946,18515,4.19970703125
154,20150610,20150617,2015,06,10,2015,06,17,30.908989,30.77587,30.0,3.0048916,1.0952783,9.029373,9666,3.39990234375
155,20150618,20150625,2015,06,18,2015,06,25,33.50188,33.40391,33.399902,2.5624332,1.0796105,6.5660644,24869,3.39990234375
156,20150626,20150703,2015,06,26,2015,07,03,32.87837,32.75289,32.399902,2.9148598,1.090837,8.4964075,22050,3.80029296875
157,20150704,20150711,2015,07,04,2015,07,11,32.189407,32.040585,31.799805,3.145291,1.1004189,9.892857,25769,4.2001953125
158,20150712,20150719,2015,07,12,2015,07,19,33.51805,33.36631,33.0,3.2544909,1.0991305,10.59171,22605,4.0
159,20150720,20150727,2015,07,20,2015,07,27,34.282803,34.05541,34.399902,3.9635909,1.1223916,15.710053,15891,5.80029296875
160,20150728,20150804,2015,07,28,2015,08,04,32.772522,32.619343,32.600098,3.2074525,1.101202,10.287751,24328,4.2001953125
161,20150805,20150812,2015,08,05,2015,08,12,32.833126,32.669044,32.600098,3.3154085,1.1049993,10.991934,25594,4.0
162,20150813,20150820,2015,08,13,2015,08,20,32.814075,32.652428,32.399902,3.3125513,1.1037673,10.972996,24655,4.39990234375
163,20150821,20150828,2015,08,21,2015,08,28,32.20681,32.054096,32.0,3.162293,1.1021535,10.000097,24785,4.0
164,20150829,20150905,2015,08,29,2015,09,05,32.682278,32.532665,32.399902,3.179946,1.0998212,10.112057,25427,4.400390625
165,20150906,20150913,2015,09,06,2015,09,13,33.60136,33.477253,33.399902,2.894314,1.0898789,8.377054,24973,3.7998046875
166,20150914,20150921,2015,09,14,2015,09,21,32.986553,32.80804,32.600098,3.5057087,1.1087934,12.289993,25295,4.39990234375
167,20150922,20150929,2015,09,22,2015,09,29,32.35164,32.21132,32.199707,3.0440252,1.0973377,9.266089,25982,4.60009765625
168,20150930,20151007,2015,09,30,2015,10,07,32.333813,32.209553,32.0,2.8610961,1.0913796,8.185871,25859,4.39990234375
169,20151008,20151015,2015,10,08,2015,10,15,32.06035,31.961624,31.600098,2.5546942,1.0811704,6.5264626,26045,3.400390625
170,20151016,20151023,2015,10,16,2015,10,23,33.285168,33.13972,32.600098,3.170143,1.0973057,10.049807,25836,4.39990234375
171,20151024,20151031,2015,10,24,2015,10,31,33.61728,33.485107,33.399902,3.0514755,1.0918745,9.311502,24628,4.0
172,20151101,20151108,2015,11,01,2015,11,08,35.237774,35.10036,34.799805,3.166591,1.0917603,10.027298,25064,4.0
173,20151109,20151116,2015,11,09,2015,11,16,37.98088,37.837322,37.600098,3.3645322,1.0902162,11.320078,25495,4.19970703125
174,20151117,20151124,2015,11,17,2015,11,24,38.90489,38.695705,38.600098,4.08448,1.1089665,16.682976,18983,5.60009765625
175,20151125,20151202,2015,11,25,2015,12,02,38.540558,38.387238,38.199707,3.4699612,1.0931201,12.04063,23193,5.0
176,20151203,20151210,2015,12,03,2015,12,10,39.224613,39.05296,38.799805,3.744824,1.0974008,14.023706,24764,4.7998046875
177,20151211,20151218,2015,12,11,2015,12,18,41.573513,41.34397,40.600098,4.46541,1.1098821,19.939888,24862,6.2001953125
178,20151219,20151226,2015,12,19,2015,12,26,42.34396,42.100147,41.600098,4.639129,1.1125263,21.521519,24236,5.60009765625
179,20151227,20151231,2015,12,27,2015,12,31,44.616814,44.392334,43.600098,4.6857343,1.1035072,21.956106,16309,4.60009765625
180,20160101,20160108,2016,01,01,2016,01,08,42.91747,42.694443,42.0,4.5744033,1.1052452,20.925167,26063,4.60009765625
181,20160109,20160116,2016,01,09,2016,01,16,40.94499,40.724155,39.799805,4.48578,1.1069458,20.12222,25717,4.39990234375
182,20160117,20160124,2016,01,17,2016,01,24,37.53195,37.32611,36.600098,4.2083263,1.1073488,17.710012,22631,4.2001953125
183,20160125,20160201,2016,01,25,2016,02,01,40.83112,40.55297,39.600098,4.869651,1.1228924,23.713501,23612,7.0
184,20160202,20160209,2016,02,02,2016,02,09,40.39913,40.152126,39.0,4.6665015,1.1146952,21.776236,26064,5.39990234375
185,20160210,20160217,2016,02,10,2016,02,17,36.988476,36.883682,36.399902,2.8352098,1.0775887,8.038415,26063,4.0
186,20160218,20160225,2016,02,18,2016,02,25,35.18588,35.085396,34.600098,2.75375,1.0772977,7.58314,25917,3.0
187,20160226,20160304,2016,02,26,2016,03,04,32.014404,31.858046,31.399902,3.2553446,1.1026658,10.597269,26036,4.60009765625
188,20160305,20160312,2016,03,05,2016,03,12,32.761726,32.57559,32.0,3.7162468,1.1095012,13.810491,26064,3.7998046875
189,20160313,20160320,2016,03,13,2016,03,20,33.285606,33.027378,32.399902,4.327432,1.1303743,18.72667,24263,5.7998046875
190,20160321,20160328,2016,03,21,2016,03,28,33.581665,33.32824,33.0,4.243038,1.1294367,18.003372,23280,6.0
191,20160329,20160405,2016,03,29,2016,04,05,32.355392,32.03345,31.799805,4.743826,1.1494621,22.503883,24993,5.80029296875
192,20160406,20160413,2016,04,06,2016,04,13,30.830568,30.646032,30.399902,3.4531813,1.1147091,11.924461,24912,4.39990234375
193,20160414,20160421,2016,04,14,2016,04,21,29.52369,29.375916,29.0,3.0860033,1.1032748,9.5234165,25872,3.39990234375
194,20160422,20160429,2016,04,22,2016,04,29,30.603569,30.360342,30.0,3.9895108,1.1326965,15.916196,23495,4.80029296875
195,20160430,20160507,2016,04,30,2016,05,07,31.81055,31.639046,31.399902,3.3882248,1.1084156,11.480067,24209,4.0
196,20160508,20160515,2016,05,08,2016,05,15,31.194782,30.987797,30.199707,3.820777,1.1188627,14.598336,23353,3.60009765625
197,20160516,20160523,2016,05,16,2016,05,23,33.081257,32.924244,32.600098,3.3369446,1.100947,11.1352,15997,4.0
198,20160524,20160531,2016,05,24,2016,05,31,32.265053,32.11556,31.600098,3.2377415,1.0993187,10.482969,23377,3.400390625
199,20160601,20160608,2016,06,01,2016,06,08,32.288124,32.142082,31.799805,3.1382473,1.0990105,9.848596,14432,3.39990234375
200,20160609,20160616,2016,06,09,2016,06,16,32.178772,31.996832,31.399902,3.5369892,1.1108228,12.510292,17918,3.7998046875
201,20160617,20160624,2016,06,17,2016,06,24,31.829277,31.718725,31.199707,2.7421367,1.0856637,7.5193143,25534,2.7998046875
202,20160625,20160702,2016,06,25,2016,07,02,31.076918,30.960096,30.600098,2.7898564,1.0892012,7.7832994,25862,3.39990234375
203,20160703,20160710,2016,07,03,2016,07,10,33.314335,33.117023,33.199707,3.6875122,1.1143765,13.597746,11672,5.400390625
204,20160719,20160726,2016,07,19,2016,07,26,31.037493,30.917065,30.600098,2.9324813,1.0893829,8.599446,25980,2.60009765625
205,20160727,20160803,2016,07,27,2016,08,03,33.806705,33.51767,33.0,4.585884,1.137736,21.030334,10880,5.19970703125
206,20160804,20160811,2016,08,04,2016,08,11,35.83712,35.66713,36.199707,3.4037051,1.1040816,11.585208,2628,3.19970703125
207,20160812,20160819,2016,08,12,2016,08,19,35.73336,35.501175,34.799805,4.1523266,1.1199596,17.241817,6011,6.0
208,20160820,20160827,2016,08,20,2016,08,27,31.413748,31.28719,31.0,2.8885772,1.0930145,8.343879,21029,3.39990234375
209,20160828,20160904,2016,08,28,2016,09,04,32.68943,32.549248,32.0,3.1371589,1.0955665,9.841766,18798,3.599609375
210,20160905,20160912,2016,09,05,2016,09,12,32.62362,32.384163,32.0,4.0854187,1.1273264,16.690645,17018,5.2001953125
211,20160913,20160920,2016,09,13,2016,09,20,32.426247,32.265953,32.199707,3.2966797,1.1037408,10.868097,18623,4.39990234375
212,20160921,20160928,2016,09,21,2016,09,28,33.77241,33.617905,33.0,3.4211926,1.097854,11.704559,22446,3.599609375
213,20160929,20161006,2016,09,29,2016,10,06,34.262547,34.09139,33.600098,3.530348,1.1039015,12.463357,23649,3.60009765625
214,20161007,20161014,2016,10,07,2016,10,14,34.548252,34.299423,33.799805,4.3218784,1.1253964,18.678633,18295,5.0
215,20161015,20161022,2016,10,15,2016,10,22,34.66529,34.388824,33.799805,4.65466,1.1311129,21.665863,24919,4.39990234375
216,20161023,20161030,2016,10,23,2016,10,30,32.265614,32.045197,31.399902,4.063623,1.1198776,16.513033,25742,3.2001953125
217,20161031,20161107,2016,10,31,2016,11,07,33.617897,33.391502,32.799805,4.260583,1.1182823,18.152569,25974,3.0
218,20161108,20161115,2016,11,08,2016,11,15,34.881256,34.66502,33.799805,4.3702874,1.1118221,19.099411,22566,3.19970703125
219,20161116,20161123,2016,11,16,2016,11,23,35.93629,35.621727,34.399902,5.1990924,1.1358349,27.030561,24050,4.0
220,20161124,20161201,2016,11,24,2016,12,01,39.02519,38.62629,37.199707,6.092665,1.1477367,37.120567,24352,4.7998046875
221,20161202,20161209,2016,12,02,2016,12,09,43.474068,42.808514,40.799805,8.234592,1.1847725,67.80852,19779,7.0
222,20161210,20161217,2016,12,10,2016,12,17,40.7426,40.38787,39.399902,5.6769543,1.1379446,32.22781,16393,6.2001953125
223,20161218,20161225,2016,12,18,2016,12,25,43.140915,42.38053,40.0,9.2703085,1.1943636,85.93862,24545,6.60009765625
224,20161226,20161231,2016,12,26,2016,12,31,40.86746,40.53283,39.399902,5.601048,1.1324484,31.37174,25955,4.7998046875
225,20170101,20170108,2017,01,01,2017,01,08,42.732277,42.24941,41.799805,6.7750645,1.1590687,45.9015,13773,6.60009765625
226,20170109,20170116,2017,01,09,2017,01,16,38.160156,37.955948,37.199707,4.0990014,1.1072253,16.801811,25871,5.0
227,20170117,20170124,2017,01,17,2017,01,24,39.921417,39.546528,38.600098,5.8231034,1.1428941,33.908535,25796,5.60009765625
228,20170125,20170201,2017,01,25,2017,02,01,41.2621,40.82382,39.0,6.547196,1.1509135,42.865772,26053,4.80029296875
229,20170202,20170209,2017,02,02,2017,02,09,35.642445,35.37501,34.199707,4.624534,1.1270597,21.386314,25213,4.7998046875
230,20170210,20170217,2017,02,10,2017,02,17,37.7301,37.480034,37.199707,4.493535,1.1204433,20.191856,24194,6.2001953125
231,20170218,20170225,2017,02,18,2017,02,25,37.39491,37.085796,36.199707,5.0711446,1.1342373,25.716505,25909,5.60009765625
232,20170226,20170305,2017,02,26,2017,03,05,41.033485,40.757786,39.799805,5.077091,1.1194422,25.776854,24066,4.80029296875
233,20170306,20170313,2017,03,06,2017,03,13,38.07496,37.762,37.199707,5.115169,1.1343119,26.164955,20723,5.7998046875
234,20170314,20170321,2017,03,14,2017,03,21,35.627148,35.342335,35.0,4.65921,1.1331838,21.708239,19476,5.7998046875
235,20170322,20170329,2017,03,22,2017,03,29,32.43657,32.236217,31.600098,3.7180438,1.1160765,13.82385,26019,5.0
236,20170330,20170406,2017,03,30,2017,04,06,31.787542,31.517637,30.600098,4.378721,1.1359147,19.1732,25385,5.19970703125
237,20170407,20170414,2017,04,07,2017,04,14,31.790583,31.593819,31.600098,3.6398413,1.1165491,13.248445,25514,4.60009765625
238,20170415,20170422,2017,04,15,2017,04,22,30.02243,29.916937,29.399902,2.5923312,1.0863417,6.7201815,26064,2.7998046875
239,20170423,20170430,2017,04,23,2017,04,30,31.428095,31.23565,30.600098,3.6005778,1.1153542,12.96416,23837,4.60009765625
240,20170501,20170508,2017,05,01,2017,05,08,33.494186,33.352005,33.199707,3.1213982,1.0962088,9.743127,21251,4.0
241,20170509,20170516,2017,05,09,2017,05,16,35.219715,34.920986,34.799805,4.6367345,1.1390764,21.499306,20469,5.7998046875
242,20170517,20170524,2017,05,17,2017,05,24,33.903664,33.689026,33.600098,3.884607,1.1187365,15.090172,17380,3.80029296875
243,20170525,20170601,2017,05,25,2017,06,01,33.298386,33.128788,32.600098,3.4876897,1.1046212,12.1639805,18200,3.60009765625
244,20170602,20170609,2017,06,02,2017,06,09,32.39528,32.192524,31.799805,4.0191746,1.1138778,16.153765,14456,3.60009765625
245,20170610,20170617,2017,06,10,2017,06,17,34.26049,33.908688,33.0,5.981714,1.1415452,35.7809,19235,3.599609375
246,20170618,20170625,2017,06,18,2017,06,25,37.645916,37.005272,35.799805,8.214053,1.1886678,67.470665,5199,5.7998046875
247,20170626,20170703,2017,06,26,2017,07,03,35.499523,35.34779,35.0,3.4678168,1.0946403,12.025753,17402,3.39990234375
248,20170704,20170711,2017,07,04,2017,07,11,32.29203,31.961588,30.799805,5.377034,1.1436824,28.912495,23268,3.39990234375
249,20170712,20170719,2017,07,12,2017,07,19,35.421295,34.85731,33.799805,7.3427973,1.1829448,53.91667,14922,4.7998046875
250,20170720,20170727,2017,07,20,2017,07,27,36.183655,35.669758,34.799805,6.7247233,1.1764793,45.221905,11841,5.39990234375
251,20170728,20170804,2017,07,28,2017,08,04,34.60301,34.296883,33.799805,4.8147416,1.1398091,23.181736,15007,6.0
252,20170805,20170812,2017,08,05,2017,08,12,32.693344,32.512737,31.799805,3.5689547,1.1091232,12.737437,9287,4.60009765625
253,20170813,20170820,2017,08,13,2017,08,20,35.51907,35.249702,34.600098,4.657963,1.1276331,21.696617,14023,4.599609375
254,20170821,20170828,2017,08,21,2017,08,28,35.42147,34.927567,33.799805,6.4083366,1.1757381,41.066776,15561,7.0
255,20170829,20170905,2017,08,29,2017,09,05,37.21047,36.65765,35.600098,6.9628553,1.1817572,48.481358,18632,5.400390625
256,20170906,20170913,2017,09,06,2017,09,13,33.255203,33.025616,32.199707,4.2250032,1.1202754,17.850653,25975,3.2001953125
257,20170914,20170921,2017,09,14,2017,09,21,34.566402,34.320015,33.600098,4.36112,1.1237979,19.019371,23106,4.599609375
258,20170922,20170929,2017,09,22,2017,09,29,34.622795,34.38039,33.399902,4.4127717,1.1214156,19.472553,25844,3.7998046875
259,20170930,20171007,2017,09,30,2017,10,07,34.986256,34.645195,33.600098,5.34011,1.143804,28.516771,25550,3.60009765625
260,20171008,20171015,2017,10,08,2017,10,15,40.28316,39.79132,38.0,6.6735454,1.1649454,44.53621,13563,6.7998046875
261,20171016,20171023,2017,10,16,2017,10,23,37.745186,37.212807,36.199707,6.7878532,1.1778009,46.07495,21881,6.0
262,20171024,20171031,2017,10,24,2017,10,31,37.04929,36.67643,35.399902,5.598218,1.1483177,31.340044,19921,5.2001953125
263,20171101,20171108,2017,11,01,2017,11,08,37.150444,36.813354,35.600098,5.2873416,1.1408296,27.95598,21973,4.80029296875
264,20171109,20171116,2017,11,09,2017,11,16,35.387238,35.017464,33.799805,5.5644455,1.1500945,30.963053,24819,4.400390625
265,20171117,20171124,2017,11,17,2017,11,24,34.955944,34.694134,33.600098,4.5441103,1.1267648,20.64894,25965,4.0
266,20171125,20171202,2017,11,25,2017,12,02,35.971798,35.65588,34.399902,5.0641546,1.1380361,25.645664,23065,5.19970703125
267,20171203,20171210,2017,12,03,2017,12,10,39.53077,39.08619,37.399902,6.41828,1.1563269,41.19432,25869,5.599609375
268,20171219,20171226,2017,12,19,2017,12,26,40.34109,39.95609,39.399902,6.115734,1.1426845,37.402203,22883,5.2001953125
269,20171227,20171231,2017,12,27,2017,12,31,41.565155,41.196194,40.199707,5.973288,1.1381186,35.680172,17083,5.0
270,20180101,20180108,2018,01,01,2018,01,08,38.330868,38.176907,37.399902,3.5721476,1.0921886,12.760238,23800,3.7998046875
271,20180109,20180116,2018,01,09,2018,01,16,41.792217,41.329338,40.399902,6.594922,1.156738,43.493,22591,6.60009765625
272,20180117,20180124,2018,01,17,2018,01,24,40.40749,40.15445,39.199707,4.865147,1.1145716,23.669657,24284,3.7998046875
273,20180125,20180201,2018,01,25,2018,02,01,37.459858,37.212006,36.199707,4.660558,1.1176072,21.720804,26055,4.0
274,20180202,20180209,2018,02,02,2018,02,09,35.087532,34.927895,34.199707,3.5287259,1.0977136,12.451906,24810,3.19970703125
275,20180210,20180217,2018,02,10,2018,02,17,35.096878,34.93291,34.199707,3.5720837,1.0990912,12.759783,25963,3.39990234375
276,20180218,20180225,2018,02,18,2018,02,25,39.569317,39.32938,38.799805,4.5751047,1.1140943,20.931583,24390,4.2001953125
277,20180226,20180305,2018,02,26,2018,03,05,39.686375,39.338806,38.0,5.643036,1.1370484,31.843855,25539,4.80029296875
278,20180306,20180313,2018,03,06,2018,03,13,36.502304,36.310307,36.199707,3.9734287,1.1053994,15.7881365,6832,4.19970703125
279,20180314,20180321,2018,03,14,2018,03,21,34.91369,34.687946,34.199707,4.227055,1.117213,17.867996,23057,3.7998046875
280,20180322,20180329,2018,03,22,2018,03,29,35.29568,35.018463,34.600098,4.7432084,1.1300393,22.498024,23563,4.599609375
281,20180330,20180406,2018,03,30,2018,04,06,32.890484,32.691204,32.0,3.9378989,1.1122073,15.507047,24789,3.7998046875
282,20180407,20180414,2018,04,07,2018,04,14,35.004734,34.734837,34.600098,4.7961197,1.1271472,23.002764,25660,3.60009765625
283,20180415,20180422,2018,04,15,2018,04,22,35.49119,35.207104,34.600098,4.9806895,1.1291833,24.807268,19689,4.39990234375
284,20180423,20180430,2018,04,23,2018,04,30,33.016743,32.84227,32.399902,3.5838928,1.1058894,12.844288,21426,4.19970703125
285,20180501,20180508,2018,05,01,2018,05,08,33.956875,33.708614,33.0,4.3921604,1.1249614,19.291073,20742,4.7998046875
286,20180509,20180516,2018,05,09,2018,05,16,30.964493,30.761301,30.0,3.8905833,1.1169698,15.136639,23751,3.60009765625
287,20180517,20180524,2018,05,17,2018,05,24,32.308704,32.122074,31.600098,3.8234224,1.108882,14.61856,21364,3.400390625
288,20180525,20180601,2018,05,25,2018,06,01,31.847044,31.555088,30.600098,4.80734,1.1385967,23.110521,19966,5.0
289,20180602,20180609,2018,06,02,2018,06,09,38.961952,38.44166,37.199707,7.777833,1.1612831,60.494686,5006,3.2001953125
290,20180610,20180617,2018,06,10,2018,06,17,34.661148,34.56062,34.199707,2.8501396,1.0765479,8.123296,17798,2.400390625
291,20180618,20180625,2018,06,18,2018,06,25,35.479546,35.218803,34.799805,4.4796205,1.1268107,20.067001,3616,5.2001953125
292,20180626,20180703,2018,06,26,2018,07,03,32.732292,32.471226,31.600098,4.4439006,1.1307952,19.748253,8076,4.39990234375
293,20180704,20180711,2018,07,04,2018,07,11,32.933712,32.605156,31.799805,5.2677627,1.1432492,27.749325,26027,3.0
294,20180712,20180719,2018,07,12,2018,07,19,34.86628,34.663254,34.199707,3.8863935,1.1125014,15.104055,8301,5.0
295,20180720,20180727,2018,07,20,2018,07,27,34.9024,34.555725,33.199707,5.38445,1.1454866,28.9923,16783,4.7998046875
296,20180728,20180804,2018,07,28,2018,08,04,41.990047,41.434338,40.799805,7.0799937,1.1750051,50.126312,2192,8.400390625
297,20180805,20180812,2018,08,05,2018,08,12,35.273174,34.727474,32.799805,6.9460588,1.1829374,48.247734,24861,5.60009765625
298,20180813,20180820,2018,08,13,2018,08,20,33.63768,33.21898,31.799805,6.236851,1.15945,38.89831,9699,4.60009765625
299,20180821,20180828,2018,08,21,2018,08,28,38.650173,38.395477,38.600098,4.4829535,1.1215163,20.096874,5745,5.7998046875
300,20180829,20180905,2018,08,29,2018,09,05,41.244663,40.125618,37.600098,12.152184,1.236601,147.67557,13221,7.2001953125
301,20180906,20180913,2018,09,06,2018,09,13,39.01711,38.427208,36.799805,7.6120315,1.180962,57.943024,15053,6.39990234375
302,20180914,20180921,2018,09,14,2018,09,21,36.153786,35.679173,34.0,6.5942807,1.16701,43.484535,24282,5.2001953125
303,20180922,20180929,2018,09,22,2018,09,29,34.769005,34.37516,33.0,5.4479065,1.1599163,29.679684,18800,8.0
304,20180930,20181007,2018,09,30,2018,10,07,33.99043,33.62683,32.399902,5.3371387,1.1530334,28.48505,26040,6.60009765625
305,20181008,20181015,2018,10,08,2018,10,15,36.508354,36.030098,34.600098,6.5317273,1.1685305,42.66346,24897,6.19970703125
306,20181016,20181023,2018,10,16,2018,10,23,35.99514,35.488,33.600098,6.78095,1.1738535,45.98128,25875,6.2001953125
307,20181024,20181031,2018,10,24,2018,10,31,39.93971,39.278694,38.0,7.967445,1.192384,63.48018,21890,7.39990234375
308,20181101,20181108,2018,11,01,2018,11,08,38.244453,37.665043,36.0,7.3415627,1.182204,53.898544,23263,6.19970703125
309,20181109,20181116,2018,11,09,2018,11,16,39.015926,38.287167,36.799805,8.398307,1.2042577,70.53156,24231,7.39990234375
310,20181117,20181124,2018,11,17,2018,11,24,36.4543,36.047955,34.0,5.918363,1.1549649,35.02702,26024,5.2001953125
311,20181125,20181202,2018,11,25,2018,12,02,38.896122,38.4917,36.600098,5.9783473,1.1508342,35.740635,24173,6.19970703125
312,20181203,20181210,2018,12,03,2018,12,10,38.203964,37.844852,36.0,5.603227,1.1425346,31.396156,25952,5.599609375
313,20181211,20181218,2018,12,11,2018,12,18,39.369095,38.96402,37.399902,6.0218077,1.1499271,36.26217,25930,5.60009765625
314,20181219,20181226,2018,12,19,2018,12,26,40.712624,40.327625,38.799805,5.8838077,1.1443951,34.619194,22266,6.60009765625
315,20181227,20181231,2018,12,27,2018,12,31,44.551937,43.98272,42.0,7.544966,1.1693122,56.926517,16433,8.39990234375
316,20190101,20190108,2019,01,01,2019,01,08,41.679207,41.223606,39.199707,6.688598,1.1534808,44.737343,26059,5.39990234375
317,20190109,20190116,2019,01,09,2019,01,16,39.202145,38.813343,37.0,5.9814224,1.1458901,35.777412,24309,4.7998046875
318,20190117,20190124,2019,01,17,2019,01,24,39.026443,38.563118,36.799805,6.4214587,1.1620198,41.23513,23518,7.19970703125
319,20190125,20190201,2019,01,25,2019,02,01,37.48793,37.18464,35.600098,5.0462446,1.1322143,25.464584,25998,4.60009765625
320,20190202,20190209,2019,02,02,2019,02,09,38.639526,38.353462,36.799805,4.927021,1.1266984,24.275537,24254,5.2001953125
321,20190210,20190217,2019,02,10,2019,02,17,40.686573,40.20455,39.199707,6.576425,1.1633073,43.249367,12324,7.39990234375
322,20190218,20190225,2019,02,18,2019,02,25,43.812466,43.395737,42.0,6.468169,1.1436254,41.837215,22551,5.60009765625
323,20190226,20190305,2019,02,26,2019,03,05,37.858807,37.538307,36.199707,5.2362466,1.1352131,27.418278,25448,5.0
324,20190306,20190313,2019,03,06,2019,03,13,35.966072,35.660435,34.799805,4.9655266,1.1359109,24.656454,25616,5.39990234375
325,20190314,20190321,2019,03,14,2019,03,21,34.389946,34.001366,32.799805,5.494676,1.158118,30.191463,26050,6.2001953125
326,20190322,20190329,2019,03,22,2019,03,29,31.180735,30.882801,30.0,4.4872813,1.1458735,20.135695,25783,5.80029296875
327,20190330,20190406,2019,03,30,2019,04,06,30.62355,30.368347,29.600098,4.190767,1.1343497,17.562525,25827,4.7998046875
328,20190407,20190414,2019,04,07,2019,04,14,35.59031,35.246098,35.0,5.111244,1.1476496,26.124817,16989,6.7998046875
329,20190415,20190422,2019,04,15,2019,04,22,33.652027,33.342636,33.199707,4.663462,1.1444411,21.74788,15126,6.2001953125
330,20190423,20190430,2019,04,23,2019,04,30,30.023134,29.75425,28.799805,4.269839,1.1394881,18.231522,23107,4.2001953125
331,20190501,20190508,2019,05,01,2019,05,08,30.7125,30.483654,30.199707,3.8863087,1.1281338,15.1033945,24132,4.60009765625
332,20190509,20190516,2019,05,09,2019,05,16,31.508495,31.276733,30.799805,3.881622,1.1285075,15.066991,21613,5.39990234375
333,20190517,20190524,2019,05,17,2019,05,24,31.01999,30.715782,30.0,4.4969234,1.1484575,20.22232,23711,5.60009765625
334,20190525,20190601,2019,05,25,2019,06,01,35.06737,34.798634,34.600098,4.417194,1.1313419,19.511602,14988,5.7998046875
335,20190602,20190609,2019,06,02,2019,06,09,36.074207,35.8026,35.600098,4.526323,1.1296597,20.487597,13092,5.80029296875
336,20190610,20190617,2019,06,10,2019,06,17,38.38394,38.120045,37.799805,4.6860685,1.122668,21.95924,589,4.19970703125
337,20190618,20190625,2019,06,18,2019,06,25,34.932224,34.577515,34.399902,5.059755,1.1529188,25.601118,9087,6.39990234375
338,20190626,20190703,2019,06,26,2019,07,03,32.865337,32.7656,32.600098,2.5992582,1.0806073,6.7561436,20333,3.60009765625
339,20190704,20190711,2019,07,04,2019,07,11,35.56159,35.3793,35.0,3.64477,1.1063087,13.284348,3445,4.7998046875
340,20190712,20190719,2019,07,12,2019,07,19,31.58288,31.469843,31.199707,2.7405863,1.0873978,7.5108128,18225,3.39990234375
341,20190720,20190727,2019,07,20,2019,07,27,34.48291,34.264263,34.600098,3.8652256,1.1200145,14.939968,16816,4.7998046875
342,20190728,20190804,2019,07,28,2019,08,04,35.326496,35.02275,33.799805,4.8518114,1.1373942,23.540073,8484,5.0
343,20190805,20190812,2019,08,05,2019,08,12,33.44805,33.223858,32.600098,4.1076136,1.1196153,16.87249,21509,3.60009765625
344,20190813,20190820,2019,08,13,2019,08,20,35.79937,35.41225,34.199707,5.652615,1.1535916,31.952055,6342,5.60009765625
345,20190821,20190828,2019,08,21,2019,08,28,31.77443,31.538755,30.600098,4.2864943,1.1241968,18.374031,24205,4.19970703125
346,20190829,20190905,2019,08,29,2019,09,05,31.957209,31.772171,31.199707,3.569975,1.1118816,12.74472,25518,3.7998046875
347,20190906,20190913,2019,09,06,2019,09,13,32.519405,32.382694,32.199707,3.0972762,1.0945202,9.593121,25683,3.60009765625
348,20190914,20190921,2019,09,14,2019,09,21,32.4648,32.32313,32.0,3.2745028,1.0946537,10.722368,25878,2.60009765625
349,20190922,20190929,2019,09,22,2019,09,29,34.353355,33.95852,34.0,5.6195836,1.1592855,31.57972,22308,6.19970703125
350,20190930,20191007,2019,09,30,2019,10,07,35.194767,34.91087,34.399902,5.2524395,1.1258463,27.58812,25133,3.0
351,20191008,20191015,2019,10,08,2019,10,15,34.75113,34.3425,33.399902,6.0188723,1.157044,36.226826,21602,4.7998046875
352,20191016,20191023,2019,10,16,2019,10,23,35.55534,35.20007,34.399902,5.760778,1.1424981,33.18656,25739,3.2001953125
353,20191024,20191031,2019,10,24,2019,10,31,33.83983,33.509487,32.600098,5.349169,1.1416532,28.613605,24184,3.39990234375
354,20191101,20191108,2019,11,01,2019,11,08,33.916466,33.657856,32.799805,4.6499696,1.1254426,21.622215,25088,3.39990234375
355,20191109,20191116,2019,11,09,2019,11,16,34.64089,34.455265,33.799805,3.790747,1.1065253,14.369761,22011,3.39990234375
356,20191117,20191124,2019,11,17,2019,11,24,35.955143,35.5539,35.399902,5.652806,1.1587665,31.954214,22589,4.7998046875
357,20191125,20191202,2019,11,25,2019,12,02,39.65685,39.232487,38.199707,6.6182814,1.1487963,43.801647,24880,4.60009765625
358,20191203,20191210,2019,12,03,2019,12,10,36.748043,36.464443,35.399902,4.970294,1.1276581,24.703821,25112,4.39990234375
359,20191211,20191218,2019,12,11,2019,12,18,39.158867,38.818146,37.399902,5.6701035,1.1353091,32.150074,23001,4.39990234375
360,20191219,20191226,2019,12,19,2019,12,26,38.72254,38.43752,37.399902,5.1749215,1.1238596,26.779812,24893,4.2001953125
361,20191227,20191231,2019,12,27,2019,12,31,44.54757,44.044525,43.600098,7.658462,1.1534768,58.65204,17699,6.2001953125
362,20200101,20200108,2020,01,01,2020,01,08,42.35936,41.969223,40.600098,6.7555504,1.1353502,45.63746,25009,3.80029296875
363,20200109,20200116,2020,01,09,2020,01,16,41.87287,41.391037,40.199707,7.055578,1.1568078,49.781185,17443,5.60009765625
364,20200117,20200124,2020,01,17,2020,01,24,41.612537,41.3513,40.600098,4.932139,1.1158036,24.325994,17535,4.7998046875
365,20200125,20200201,2020,01,25,2020,02,01,41.01495,40.74151,39.799805,5.1285386,1.1180464,26.301907,25722,4.0
366,20200202,20200209,2020,02,02,2020,02,09,44.34788,43.701134,42.0,8.106287,1.1812291,65.71189,16151,7.80029296875
367,20200210,20200217,2020,02,10,2020,02,17,43.01936,42.49598,40.399902,7.318622,1.1622862,53.562233,25822,5.0
368,20200218,20200225,2020,02,18,2020,02,25,40.645145,40.226048,38.799805,6.302634,1.1495816,39.723194,25611,4.80029296875
369,20200226,20200304,2020,02,26,2020,03,04,42.556564,41.861176,40.199707,8.16955,1.1938013,66.74155,21284,10.7998046875
370,20200305,20200312,2020,03,05,2020,03,12,37.2336,36.844635,35.600098,5.7040915,1.1517913,32.53666,25604,6.2001953125
371,20200313,20200320,2020,03,13,2020,03,20,37.782864,37.384613,36.600098,5.663912,1.1545569,32.079895,25605,7.599609375
372,20200321,20200328,2020,03,21,2020,03,28,35.584614,35.31666,34.799805,4.4209027,1.1302413,19.54438,24542,6.60009765625
373,20200329,20200405,2020,03,29,2020,04,05,39.935585,39.682964,40.0,4.480061,1.1196488,20.070946,12479,6.69970703125
374,20200406,20200413,2020,04,06,2020,04,13,35.122017,34.895897,34.600098,4.0911207,1.1190544,16.73727,24359,5.400390625
375,20200414,20200421,2020,04,14,2020,04,21,34.029003,33.790325,33.199707,4.1448245,1.1244115,17.179571,11882,4.60009765625
376,20200422,20200429,2020,04,22,2020,04,29,32.687195,32.457703,31.799805,3.9874024,1.1244385,15.899379,23084,5.2001953125
377,20200430,20200507,2020,04,30,2020,05,07,31.522982,31.31065,30.399902,3.7968643,1.1211833,14.416179,25195,5.0
378,20200508,20200515,2020,05,08,2020,05,15,30.937643,30.635607,29.799805,4.481551,1.1479577,20.084301,25313,6.0
379,20200516,20200523,2020,05,16,2020,05,23,31.448225,31.19586,30.399902,4.133343,1.1331166,17.084526,23443,5.60009765625
380,20200524,20200531,2020,05,24,2020,05,31,30.797256,30.588402,29.799805,3.728468,1.1215467,13.901474,25101,4.60009765625
381,20200601,20200608,2020,06,01,2020,06,08,33.634525,33.3328,33.799805,4.4949236,1.144318,20.204336,15539,6.30029296875
382,20200609,20200616,2020,06,09,2020,06,16,32.306202,32.125767,31.399902,3.5462916,1.1097354,12.576184,25391,4.2001953125
383,20200617,20200624,2020,06,17,2020,06,24,32.715393,32.352043,31.600098,5.0158486,1.159247,25.158735,10659,7.0
384,20200625,20200702,2020,06,25,2020,07,02,38.755714,38.455597,38.0,4.8891616,1.132352,23.903902,3114,6.400390625
385,20200703,20200710,2020,07,03,2020,07,10,34.789333,34.62726,34.399902,3.3634772,1.1015298,11.31298,17449,4.7998046875
386,20200711,20200718,2020,07,11,2020,07,18,34.904346,34.664154,34.0,4.208507,1.1232936,17.711533,15622,5.19970703125
387,20200719,20200726,2020,07,19,2020,07,26,36.56219,36.39551,36.199707,3.534713,1.0999675,12.494197,8411,4.0
388,20200727,20200803,2020,07,27,2020,08,03,33.40553,33.27791,33.399902,2.9357321,1.0913237,8.618523,15078,4.0
389,20200804,20200811,2020,08,04,2020,08,11,34.481907,34.389614,34.199707,2.560904,1.0754926,6.558229,12350,3.0
390,20200812,20200819,2020,08,12,2020,08,19,32.430046,32.229156,32.600098,3.5749936,1.118834,12.780579,23652,4.60009765625
391,20200820,20200827,2020,08,20,2020,08,27,38.21998,38.01261,37.199707,4.079048,1.1087443,16.638634,9564,5.2001953125
392,20200828,20200904,2020,08,28,2020,09,04,35.266834,35.097263,35.199707,3.4703507,1.1031724,12.043335,12270,4.39990234375
393,20200905,20200912,2020,09,05,2020,09,12,34.748394,34.334248,34.199707,5.430033,1.1670693,29.485258,23131,9.39990234375
394,20200913,20200920,2020,09,13,2020,09,20,37.62854,37.337982,36.799805,4.832886,1.1306875,23.356789,25221,6.19970703125
395,20200921,20200928,2020,09,21,2020,09,28,37.455772,37.24285,36.799805,4.0812974,1.1117524,16.65699,17914,5.599609375
396,20200929,20201006,2020,09,29,2020,10,06,37.527775,37.285328,37.399902,4.338109,1.1199636,18.81919,24436,6.0
397,20201007,20201014,2020,10,07,2020,10,14,37.044346,36.881756,37.0,3.528254,1.0977834,12.448577,25757,3.7998046875
398,20201015,20201022,2020,10,15,2020,10,22,34.391556,34.203568,33.600098,3.7813938,1.107798,14.29894,25446,4.0
399,20201023,20201030,2020,10,23,2020,10,30,37.76896,37.53596,37.399902,4.3876004,1.1155163,19.251038,25543,4.60009765625
400,20201031,20201107,2020,10,31,2020,11,07,37.21996,36.967213,36.199707,4.5675097,1.1209747,20.862143,25292,5.0
401,20201108,20201115,2020,11,08,2020,11,15,39.4466,39.09726,38.600098,5.840683,1.1363004,34.113575,26046,5.60009765625
402,20201116,20201123,2020,11,16,2020,11,23,39.6419,39.336056,38.199707,5.422209,1.1269971,29.40035,25909,5.2001953125
403,20201124,20201201,2020,11,24,2020,12,01,39.99208,39.56952,38.799805,6.6052346,1.14826,43.629128,25434,5.400390625
404,20201202,20201209,2020,12,02,2020,12,09,40.462082,40.071262,39.0,6.6633887,1.1389786,44.40075,26062,4.7998046875
405,20201210,20201217,2020,12,10,2020,12,17,41.213467,40.861454,40.0,5.9183,1.1340913,35.026276,25698,5.0
406,20201218,20201225,2020,12,18,2020,12,25,43.924538,43.37303,42.0,8.129863,1.1606781,66.094666,25163,5.39990234375
407,20201226,20201231,2020,12,26,2020,12,31,43.72192,43.33144,42.199707,6.443267,1.1369797,41.515686,25709,5.19970703125
408,20210101,20210108,2021,01,01,2021,01,08,44.467125,43.833908,42.199707,8.932316,1.1706321,79.78627,24037,5.2001953125
409,20210109,20210116,2021,01,09,2021,01,16,43.768406,43.173756,41.399902,8.541674,1.1673343,72.96019,25380,5.80029296875
410,20210117,20210124,2021,01,17,2021,01,24,42.4265,41.912266,39.799805,7.4757004,1.1596812,55.886097,26064,5.80029296875
411,20210125,20210201,2021,01,25,2021,02,01,42.979786,42.290226,40.0,8.952296,1.1834952,80.1436,25997,6.2001953125
412,20210202,20210209,2021,02,02,2021,02,09,41.642155,40.804787,38.600098,10.145483,1.2047135,102.93082,19077,8.2001953125
413,20210210,20210217,2021,02,10,2021,02,17,42.025814,41.21926,39.600098,10.308319,1.1971753,106.26144,24983,6.7998046875
414,20210218,20210225,2021,02,18,2021,02,25,41.559475,40.540714,38.600098,11.852606,1.2219005,140.48427,26064,6.60009765625
415,20210226,20210305,2021,02,26,2021,03,05,41.935966,40.89736,38.600098,11.90277,1.2227486,141.67593,25635,5.7998046875
416,20210306,20210313,2021,03,06,2021,03,13,41.030888,40.2971,38.600098,9.304954,1.1914704,86.58216,25974,5.60009765625
417,20210314,20210321,2021,03,14,2021,03,21,38.90085,38.10473,36.600098,9.163955,1.2099934,83.97806,20716,6.80029296875
418,20210322,20210329,2021,03,22,2021,03,29,43.035313,42.081978,40.0,10.912232,1.2154819,119.07682,22637,6.39990234375
419,20210330,20210406,2021,03,30,2021,04,06,40.23348,39.33417,37.399902,10.466207,1.2143266,109.54147,17478,5.60009765625
420,20210407,20210414,2021,04,07,2021,04,14,36.416035,35.980026,34.799805,7.0210648,1.1521688,49.29535,23724,4.0
421,20210415,20210422,2021,04,15,2021,04,22,35.048706,34.610184,33.600098,6.7538357,1.1576706,45.614296,23371,4.39990234375
422,20210423,20210430,2021,04,23,2021,04,30,36.06266,35.242306,33.600098,9.735005,1.2132074,94.770325,26024,5.0
423,20210501,20210508,2021,05,01,2021,05,08,43.25162,41.17729,38.399902,16.808788,1.3270999,282.53537,10650,6.0
424,20210509,20210516,2021,05,09,2021,05,16,39.74799,39.33497,38.199707,6.814074,1.1431383,46.431602,705,3.60009765625
425,20210517,20210524,2021,05,17,2021,05,24,41.08309,39.895794,37.799805,12.199103,1.2475295,148.81812,14375,5.2001953125
426,20210525,20210601,2021,05,25,2021,06,01,41.55153,39.692978,36.0,15.08567,1.3194151,227.57745,10323,6.2001953125
427,20210602,20210609,2021,06,02,2021,06,09,37.13196,36.512077,35.0,7.6423845,1.1904088,58.40604,19826,6.0
428,20210610,20210617,2021,06,10,2021,06,17,35.202335,34.555485,33.399902,7.8131223,1.1986884,61.044876,22819,6.60009765625
429,20210618,20210625,2021,06,18,2021,06,25,38.417095,38.02153,37.0,5.840878,1.1507361,34.115856,10829,5.7998046875
430,20210626,20210703,2021,06,26,2021,07,03,39.87436,39.695805,39.0,3.8891203,1.0981406,15.125257,1021,4.19970703125
431,20210704,20210711,2021,07,04,2021,07,11,37.55692,37.33703,37.0,4.133564,1.114226,17.08635,7818,4.39990234375
432,20210712,20210719,2021,07,12,2021,07,19,39.362587,39.011017,38.799805,5.583315,1.1399714,31.173407,9770,5.60009765625
433,20210720,20210727,2021,07,20,2021,07,27,40.009674,39.26217,37.399902,9.211662,1.1974924,84.85472,13350,6.0
434,20210728,20210804,2021,07,28,2021,08,04,34.997242,34.37515,33.0,7.425511,1.1968592,55.13821,23440,5.0
435,20210805,20210812,2021,08,05,2021,08,12,40.67786,40.234604,39.799805,6.208216,1.1574608,38.541946,3964,7.60009765625
436,20210813,20210820,2021,08,13,2021,08,20,37.92539,37.35328,35.600098,7.069541,1.1841712,49.97841,8653,7.0
437,20210821,20210828,2021,08,21,2021,08,28,38.434254,38.134712,37.600098,5.0447426,1.130339,25.449429,8070,5.0
438,20210829,20210905,2021,08,29,2021,09,05,33.861504,33.516853,33.0,5.3818364,1.1466544,28.964165,12240,5.60009765625
439,20210906,20210913,2021,09,06,2021,09,13,35.243446,34.885094,33.799805,5.5756183,1.1461072,31.08752,24614,3.60009765625
440,20210914,20210921,2021,09,14,2021,09,21,37.508926,37.209087,36.199707,5.0460525,1.1311784,25.462645,15710,4.2001953125
441,20210922,20210929,2021,09,22,2021,09,29,38.376144,37.948273,36.799805,6.2068806,1.1556627,38.525364,23464,5.599609375
442,20210930,20211007,2021,09,30,2021,10,07,35.692833,35.302597,34.0,5.824177,1.1524632,33.921036,25376,4.60009765625
443,20211008,20211015,2021,10,08,2021,10,15,40.030376,39.40459,37.799805,7.9006248,1.184394,62.419872,20411,6.39990234375
444,20211016,20211023,2021,10,16,2021,10,23,35.96835,35.495926,34.399902,6.623465,1.1662551,43.87029,25906,4.0
445,20211024,20211031,2021,10,24,2021,10,31,37.673943,37.157223,36.0,7.313745,1.167846,53.490864,25627,4.39990234375
446,20211101,20211108,2021,11,01,2021,11,08,38.61354,37.4557,35.600098,11.8279295,1.2518706,139.89992,21293,7.0
447,20211109,20211116,2021,11,09,2021,11,16,39.27608,38.41457,36.399902,10.018624,1.2133254,100.37284,23245,5.39990234375
448,20211117,20211124,2021,11,17,2021,11,24,40.890923,40.000134,38.0,10.064583,1.215946,101.29583,17389,7.0
449,20211125,20211202,2021,11,25,2021,12,02,38.39714,37.67453,35.199707,8.873277,1.1984984,78.73503,26064,6.7998046875
450,20211203,20211210,2021,12,03,2021,12,10,39.598076,39.090267,37.600098,6.8872676,1.1679716,47.434456,22355,7.0
451,20211211,20211218,2021,12,11,2021,12,18,40.46431,39.781372,38.199707,8.22745,1.1935999,67.69093,24268,9.19970703125
452,20211219,20211226,2021,12,19,2021,12,26,44.2734,43.617653,43.399902,8.152989,1.1840055,66.47123,13476,7.39990234375
453,20211227,20211231,2021,12,27,2021,12,31,40.516373,40.201256,39.0,5.386679,1.1293005,29.016312,25299,6.60009765625
454,20220101,20220108,2022,01,01,2022,01,08,42.447887,41.912598,40.399902,7.336034,1.166317,53.81739,16712,8.19970703125
455,20220109,20220116,2022,01,09,2022,01,16,40.193695,39.81754,39.199707,5.7682467,1.14415,33.27267,24628,7.60009765625
456,20220117,20220124,2022,01,17,2022,01,24,38.760807,38.441376,38.0,5.311891,1.1336583,28.216187,24060,6.60009765625
457,20220125,20220201,2022,01,25,2022,02,01,36.88367,36.59361,35.799805,5.0429463,1.1289562,25.431307,25745,6.2001953125
458,20220202,20220209,2022,02,02,2022,02,09,37.773327,37.506218,37.0,4.951408,1.121161,24.51644,25640,5.19970703125
459,20220210,20220217,2022,02,10,2022,02,17,35.602303,35.419884,35.0,3.7991405,1.1041601,14.433469,26050,4.39990234375
460,20220218,20220225,2022,02,18,2022,02,25,37.842274,37.641056,37.199707,4.0922036,1.1065221,16.746132,17933,4.400390625
461,20220226,20220305,2022,02,26,2022,03,05,36.099335,35.79335,35.399902,5.3026476,1.1319197,28.11807,26013,4.2001953125
462,20220306,20220313,2022,03,06,2022,03,13,37.856094,37.36502,36.199707,7.2119675,1.1617432,52.012474,25164,4.60009765625
463,20220314,20220321,2022,03,14,2022,03,21,36.494682,35.884163,34.600098,8.123665,1.1830823,65.99393,25092,4.2001953125
464,20220322,20220329,2022,03,22,2022,03,29,36.3615,35.853386,34.799805,7.1711264,1.1685749,51.425056,22433,3.7998046875
465,20220330,20220406,2022,03,30,2022,04,06,39.68002,38.67956,36.799805,11.101769,1.2276176,123.24928,23605,5.599609375
466,20220407,20220414,2022,04,07,2022,04,14,39.03762,37.73771,35.799805,12.359654,1.2687086,152.76106,16701,4.7998046875
467,20220415,20220422,2022,04,15,2022,04,22,33.71999,32.842567,31.199707,9.3464985,1.2348841,87.35703,23908,6.0
468,20220423,20220430,2022,04,23,2022,04,30,35.430492,34.81364,33.600098,7.772536,1.1903648,60.41231,20447,4.39990234375
469,20220501,20220508,2022,05,01,2022,05,08,37.566723,37.090633,36.0,7.031413,1.1602975,49.44077,5956,4.2001953125
470,20220509,20220516,2022,05,09,2022,05,16,37.81975,36.159378,33.399902,14.499499,1.3069383,210.23547,21313,5.2001953125
471,20220517,20220524,2022,05,17,2022,05,24,35.508984,34.6555,33.0,9.451757,1.224242,89.33572,17756,5.39990234375
472,20220525,20220601,2022,05,25,2022,06,01,35.91432,34.965767,32.600098,9.741471,1.2397604,94.89627,22451,5.0
473,20220602,20220609,2022,06,02,2022,06,09,33.563015,32.78359,31.0,8.7128725,1.2221383,75.914154,22378,5.80029296875
474,20220610,20220617,2022,06,10,2022,06,17,35.187737,34.2935,33.0,8.555485,1.246039,73.19631,20511,8.60009765625
475,20220618,20220625,2022,06,18,2022,06,25,35.4348,35.167587,34.0,4.6938577,1.1264364,22.0323,4980,3.80029296875
476,20220626,20220703,2022,06,26,2022,07,03,35.98684,35.3554,33.799805,7.365621,1.1985452,54.252377,13705,6.19970703125
477,20220704,20220711,2022,07,04,2022,07,11,34.846004,34.396206,33.399902,6.023122,1.1691554,36.277996,16363,6.0
478,20220712,20220719,2022,07,12,2022,07,19,36.853813,36.654095,36.199707,3.9663906,1.1083716,15.732255,7932,4.60009765625
479,20220720,20220727,2022,07,20,2022,07,27,35.361477,35.083725,35.0,4.5995226,1.1316466,21.15561,4393,5.60009765625
480,20220805,20220812,2022,08,05,2022,08,12,36.949,35.429893,32.799805,13.019953,1.3027116,169.51918,12381,7.60009765625
481,20220813,20220820,2022,08,13,2022,08,20,33.384315,33.157837,32.799805,4.238435,1.1193554,17.96433,6105,3.7998046875
482,20220821,20220828,2022,08,21,2022,08,28,36.508945,36.003506,35.0,6.6433935,1.1745132,44.134678,8885,5.7998046875
483,20220829,20220905,2022,08,29,2022,09,05,32.72029,31.931189,30.399902,8.474464,1.2280538,71.81654,23328,5.60009765625
484,20220906,20220913,2022,09,06,2022,09,13,33.64761,33.170673,32.399902,6.249711,1.1762106,39.058887,16043,5.7998046875
485,20220914,20220921,2022,09,14,2022,09,21,32.54348,31.96658,30.399902,7.047344,1.194425,49.665062,26064,4.7998046875
486,20220922,20220929,2022,09,22,2022,09,29,35.40428,34.603336,33.799805,8.512487,1.2262317,72.46244,19917,6.7998046875
487,20220930,20221007,2022,09,30,2022,10,07,31.603601,31.465878,30.799805,3.0820122,1.0960721,9.498799,13681,3.39990234375
488,20221008,20221015,2022,10,08,2022,10,15,34.363335,33.843826,32.399902,6.4631896,1.1837088,41.77282,20814,6.80029296875
489,20221016,20221023,2022,10,16,2022,10,23,34.311207,33.60904,31.600098,7.806876,1.2126987,60.94732,25584,5.60009765625
490,20221024,20221031,2022,10,24,2022,10,31,36.919228,36.215538,34.399902,8.17177,1.203947,66.77783,23688,5.2001953125
491,20221101,20221108,2022,11,01,2022,11,08,36.70842,35.671787,33.0,10.311035,1.2497013,106.31744,25951,7.7998046875
492,20221109,20221116,2022,11,09,2022,11,16,36.773937,36.038605,34.0,8.235857,1.2111837,67.829346,25193,8.0
493,20221117,20221124,2022,11,17,2022,11,24,37.484257,36.845127,34.600098,7.62659,1.1950645,58.164875,26057,9.0
494,20221125,20221202,2022,11,25,2022,12,02,36.99566,36.481117,34.799805,6.7512054,1.174967,45.578777,25981,7.599609375
495,20221203,20221210,2022,12,03,2022,12,10,36.784855,36.31719,34.600098,6.3489704,1.1674191,40.309425,25835,7.7998046875
496,20221211,20221218,2022,12,11,2022,12,18,37.18321,36.612865,35.799805,7.0263786,1.1863952,49.369995,25147,8.39990234375
497,20221219,20221226,2022,12,19,2022,12,26,39.2849,38.68494,37.600098,7.3998013,1.1857688,54.75706,25275,9.0
498,20221227,20221231,2022,12,27,2022,12,31,38.238472,37.811386,37.0,6.243944,1.1562086,38.98684,16706,7.0
499,20230101,20230108,2023,01,01,2023,01,08,37.030434,36.5314,35.399902,7.1126637,1.1668357,50.58999,26050,5.60009765625
500,20230109,20230116,2023,01,09,2023,01,16,34.722645,34.236427,33.600098,6.8098736,1.1704131,46.37438,25898,5.599609375
501,20230117,20230124,2023,01,17,2023,01,24,37.52228,37.063374,36.399902,6.474533,1.1628546,41.91958,24745,6.0
502,20230125,20230201,2023,01,25,2023,02,01,38.196358,37.76212,36.399902,6.416389,1.1553762,41.170048,25966,6.400390625
503,20230202,20230209,2023,02,02,2023,02,09,36.736713,36.487743,36.199707,4.542498,1.1203696,20.63429,24977,4.60009765625
504,20230210,20230217,2023,02,10,2023,02,17,39.7572,39.36193,38.799805,5.998825,1.147346,35.985905,21552,5.400390625
505,20230218,20230225,2023,02,18,2023,02,25,40.881462,40.35216,39.199707,7.226796,1.1675906,52.22658,25564,6.39990234375
506,20230226,20230305,2023,02,26,2023,03,05,41.43077,40.771908,39.199707,8.273057,1.185601,68.443474,24468,6.2001953125
507,20230306,20230313,2023,03,06,2023,03,13,35.500828,34.816883,33.199707,7.674435,1.2084455,58.896954,22464,7.7998046875
508,20230314,20230321,2023,03,14,2023,03,21,37.201687,36.27917,34.399902,8.924491,1.2429669,79.64654,18585,11.0
509,20230322,20230329,2023,03,22,2023,03,29,38.686565,38.158688,37.199707,6.992108,1.1729652,48.889572,22902,6.60009765625
510,20230330,20230406,2023,03,30,2023,04,06,36.76739,36.313805,35.0,6.207582,1.1650697,38.534073,23144,6.7998046875
511,20230407,20230414,2023,04,07,2023,04,14,36.684364,36.236958,35.600098,6.022753,1.1659572,36.27355,18579,7.60009765625
512,20230415,20230422,2023,04,15,2023,04,22,36.38593,35.85566,35.600098,6.7404246,1.1805581,45.433327,25508,8.0
513,20230423,20230430,2023,04,23,2023,04,30,39.376083,39.16503,39.399902,4.083346,1.1093442,16.673714,1570,5.80029296875
514,20230501,20230508,2023,05,01,2023,05,08,31.437204,31.155092,30.199707,4.5567594,1.1386161,20.764057,25737,4.599609375
515,20230509,20230516,2023,05,09,2023,05,16,32.70029,32.39767,32.199707,4.7146797,1.1424464,22.228207,17261,5.60009765625
516,20230517,20230524,2023,05,17,2023,05,24,30.755518,30.588017,29.799805,3.3512805,1.1079842,11.23108,7453,3.7998046875
517,20230525,20230601,2023,05,25,2023,06,01,33.303482,33.062534,32.399902,4.348102,1.1234328,18.90599,17870,4.19970703125
518,20230602,20230609,2023,06,02,2023,06,09,34.7161,34.543564,34.399902,3.4837716,1.1047761,12.136664,4907,5.19970703125
519,20230610,20230617,2023,06,10,2023,06,17,35.869373,35.57894,35.399902,4.662674,1.1349689,21.740526,16946,6.0
520,20230618,20230625,2023,06,18,2023,06,25,32.43586,32.289143,32.0,3.1630778,1.0988055,10.005062,23483,4.0
521,20230626,20230703,2023,06,26,2023,07,03,39.17988,39.072937,39.0,2.8834088,1.0771496,8.314046,1568,3.39990234375
522,20230704,20230711,2023,07,04,2023,07,11,37.706005,37.481564,37.399902,4.143325,1.1153053,17.167141,1525,5.2001953125
523,20230712,20230719,2023,07,12,2023,07,19,37.262478,37.061657,37.399902,3.8142412,1.110806,14.548435,2071,4.300048828125
524,20230728,20230804,2023,07,28,2023,08,04,33.155655,32.944046,32.399902,3.852507,1.1183487,14.84181,20363,4.39990234375
525,20230805,20230812,2023,08,05,2023,08,12,32.440014,32.26481,32.0,3.4530365,1.1085383,11.923462,17900,4.19970703125
526,20230813,20230820,2023,08,13,2023,08,20,32.666134,32.48091,32.600098,3.4960501,1.1125164,12.222366,18515,4.0
527,20230821,20230828,2023,08,21,2023,08,28,33.24836,33.13376,32.799805,2.8041646,1.0860647,7.863339,23556,3.80029296875
528,20230829,20230905,2023,08,29,2023,09,05,31.767427,31.62111,31.799805,3.0770123,1.1005756,9.468004,25829,4.0
529,20230906,20230913,2023,09,06,2023,09,13,31.87688,31.65615,31.799805,3.771191,1.1251103,14.221881,23134,5.19970703125
530,20230914,20230921,2023,09,14,2023,09,21,31.626972,31.530489,31.399902,2.5303836,1.0804325,6.4028406,26057,3.0
531,20230930,20231007,2023,09,30,2023,10,07,32.300613,32.07435,31.600098,3.9768074,1.1236101,15.814998,25997,4.60009765625
532,20231008,20231015,2023,10,08,2023,10,15,35.193,34.95886,34.199707,4.24225,1.1200018,17.996683,21651,4.60009765625
533,20231016,20231023,2023,10,16,2023,10,23,33.99359,33.762035,33.0,4.1507735,1.1214623,17.228922,25214,4.60009765625
534,20231024,20231031,2023,10,24,2023,10,31,34.591667,34.332893,33.399902,4.511614,1.12668,20.354658,25529,4.599609375
535,20231101,20231108,2023,11,01,2023,11,08,33.09198,32.86539,32.199707,4.175309,1.1202699,17.433208,25976,4.2001953125
536,20231109,20231116,2023,11,09,2023,11,16,33.260113,33.001648,32.199707,4.5182834,1.1279792,20.414885,25923,3.60009765625
537,20231117,20231124,2023,11,17,2023,11,24,34.193123,33.938683,33.199707,4.441573,1.1263325,19.727571,26060,4.60009765625
538,20231125,20231202,2023,11,25,2023,12,02,34.56521,34.294926,33.399902,4.519628,1.1308618,20.427038,25544,4.60009765625
539,20231203,20231210,2023,12,03,2023,12,10,38.276585,37.96631,36.799805,5.1631355,1.1325039,26.65797,23650,5.80029296875
540,20231211,20231218,2023,12,11,2023,12,18,37.155727,36.837246,35.399902,5.161922,1.1363069,26.645437,22215,5.599609375
541,20231219,20231226,2023,12,19,2023,12,26,36.364517,36.120754,35.199707,4.3462267,1.1212342,18.889685,24350,5.400390625
542,20231227,20231231,2023,12,27,2023,12,31,36.722343,36.474022,35.600098,4.416,1.1217036,19.501055,24298,5.2001953125
543,20240101,20240108,2024,01,01,2024,01,08,37.51676,37.184444,36.199707,5.194555,1.1402631,26.983398,24443,6.19970703125
544,20240109,20240116,2024,01,09,2024,01,16,40.41603,40.103428,39.199707,6.8715253,1.1222554,47.217857,18613,4.7998046875
545,20240117,20240124,2024,01,17,2024,01,24,36.77496,36.454933,35.799805,4.957527,1.1402246,24.577074,23544,6.2001953125
546,20240125,20240201,2024,01,25,2024,02,01,34.64213,34.367653,33.799805,4.5131936,1.1323744,20.368917,25741,6.0
547,20240202,20240209,2024,02,02,2024,02,09,35.525486,35.26377,34.600098,4.4716325,1.1271933,19.995497,26035,5.2001953125
548,20240210,20240217,2024,02,10,2024,02,17,34.965504,34.60379,33.799805,5.241649,1.1522044,27.474888,24926,6.39990234375
549,20240218,20240225,2024,02,18,2024,02,25,32.920307,32.73268,32.399902,3.5759673,1.1120485,12.787542,24856,4.60009765625
550,20240226,20240304,2024,02,26,2024,03,04,33.492977,33.38844,33.399902,2.660791,1.0821471,7.0798078,26025,3.7998046875
551,20240305,20240312,2024,03,05,2024,03,12,32.44074,32.206028,31.600098,3.9920933,1.1268324,15.936809,23692,5.80029296875
552,20240313,20240320,2024,03,13,2024,03,20,32.005726,31.863062,31.799805,3.0601134,1.0986398,9.364294,25174,4.19970703125
553,20240321,20240328,2024,03,21,2024,03,28,30.20782,30.04216,29.399902,3.2211397,1.1097295,10.37574,24757,4.39990234375
554,20240329,20240405,2024,03,29,2024,04,05,31.699493,31.538305,31.199707,3.2562392,1.1054065,10.603093,24623,4.2001953125
555,20240406,20240413,2024,04,06,2024,04,13,32.70368,32.50157,32.0,3.7131836,1.1166857,13.787732,23483,5.2001953125
556,20240414,20240421,2024,04,14,2024,04,21,31.320742,31.17201,31.600098,3.057369,1.1025342,9.347506,22092,5.0
557,20240422,20240429,2024,04,22,2024,04,29,33.66288,33.48954,33.600098,3.3924448,1.1075928,11.508682,12627,4.39990234375
558,20240430,20240507,2024,04,30,2024,05,07,35.371273,35.22948,35.0,3.2130752,1.0932357,10.323853,13622,4.39990234375
559,20240508,20240515,2024,05,08,2024,05,15,32.370182,32.096474,31.600098,4.2722235,1.1385194,18.251892,12469,6.19970703125
560,20240516,20240523,2024,05,16,2024,05,23,32.452576,32.25115,32.600098,3.5846312,1.1188785,12.849581,6630,5.2001953125
561,20240524,20240531,2024,05,24,2024,05,31,32.62035,32.49651,32.199707,2.898176,1.0904254,8.399425,12471,3.39990234375
562,20240601,20240608,2024,06,01,2024,06,08,30.630657,30.46426,29.799805,3.2908485,1.1085461,10.829684,12375,4.2001953125
563,20240609,20240616,2024,06,09,2024,06,16,31.041054,30.893442,30.600098,3.7768414,1.0934737,14.264531,25777,1.80029296875
564,20240617,20240624,2024,06,17,2024,06,24,29.051626,28.796148,28.0,5.0062866,1.1268,25.062904,19662,2.7998046875
565,20240625,20240702,2024,06,25,2024,07,02,32.19455,32.0323,31.399902,3.351038,1.1040068,11.229456,16733,4.0
566,20240703,20240710,2024,07,03,2024,07,10,31.475477,31.229141,30.799805,4.5906715,1.1251076,21.074266,19935,3.400390625
567,20240711,20240718,2024,07,11,2024,07,18,35.77851,35.601353,35.299805,3.6147609,1.1041608,13.066497,2468,4.60009765625
568,20240719,20240726,2024,07,19,2024,07,26,33.57733,33.383602,33.199707,3.676713,1.1128697,13.518219,8401,4.0
569,20240727,20240803,2024,07,27,2024,08,03,34.750042,34.61209,34.399902,3.1515644,1.0926485,9.932358,10786,3.7998046875
570,20240804,20240811,2024,08,04,2024,08,11,32.129063,31.953289,31.600098,3.4183297,1.1096499,11.684978,13986,4.7998046875
571,20240812,20240819,2024,08,12,2024,08,19,32.38817,32.139923,31.399902,4.545674,1.124732,20.663149,21986,3.60009765625
572,20240820,20240827,2024,08,20,2024,08,27,32.342228,32.101273,31.399902,4.7038274,1.119715,22.125994,25782,2.80029296875
573,20240828,20240904,2024,08,28,2024,09,04,32.288425,31.702135,30.399902,8.022849,1.1849109,64.366104,18149,3.2001953125
574,20240905,20240912,2024,09,05,2024,09,12,32.421173,31.840708,30.600098,8.309591,1.1804459,69.0493,24382,3.0
575,20240913,20240920,2024,09,13,2024,09,20,33.203556,32.718582,31.600098,6.9744015,1.1697047,48.642273,25284,3.7998046875
576,20240921,20240928,2024,09,21,2024,09,28,34.548553,34.37421,34.0,3.5393562,1.1049914,12.527042,10469,4.0
577,20240929,20241006,2024,09,29,2024,10,06,33.859837,33.317802,32.399902,6.774917,1.1873616,45.8995,18834,5.0
578,20241007,20241014,2024,10,07,2024,10,14,33.85622,33.41271,32.600098,6.1735816,1.1668193,38.11311,23215,4.39990234375
579,20241015,20241022,2024,10,15,2024,10,22,33.124023,32.7539,31.399902,5.5462728,1.1533264,30.761139,25737,4.60009765625
580,20241023,20241030,2024,10,23,2024,10,30,32.760296,32.402527,31.399902,5.321297,1.1529676,28.316206,25773,4.39990234375
581,20241031,20241107,2024,10,31,2024,11,07,33.91809,33.48659,32.199707,6.2184515,1.1626356,38.66914,22769,3.39990234375
582,20241108,20241115,2024,11,08,2024,11,15,35.05885,34.628315,33.799805,6.024863,1.1634068,36.29897,25416,5.80029296875
583,20241116,20241123,2024,11,16,2024,11,23,36.053844,35.621,34.199707,6.1814823,1.1606241,38.210724,24689,5.7998046875
584,20241124,20241201,2024,11,24,2024,12,01,35.85124,35.58166,34.600098,4.6574407,1.1273224,21.691755,24701,5.0
585,20241202,20241209,2024,12,02,2024,12,09,35.26038,34.93919,33.199707,5.05437,1.140732,25.546654,26062,5.80029296875
586,20241210,20241217,2024,12,10,2024,12,17,34.775642,34.50177,33.199707,4.587743,1.1308336,21.047386,25861,5.39990234375
587,20241218,20241225,2024,12,18,2024,12,25,35.37618,35.107773,34.0,4.525736,1.1290828,20.482286,24155,6.0
588,20241226,20241231,2024,12,26,2024,12,31,36.30323,35.94212,35.399902,5.315894,1.1494832,28.258728,13627,6.60009765625
589,20250101,20250108,2025,01,01,2025,01,08,38.188427,37.862015,36.799805,5.1543393,1.138017,26.567215,24191,6.80029296875
590,20250109,20250116,2025,01,09,2025,01,16,37.76785,37.471725,36.600098,4.863534,1.1320351,23.653963,26064,6.80029296875
591,20250117,20250124,2025,01,17,2025,01,24,37.533794,37.249386,36.199707,4.783696,1.1291782,22.883749,25724,6.19970703125
592,20250125,20250201,2025,01,25,2025,02,01,38.05873,37.799564,37.199707,4.5189977,1.1232519,20.42134,23903,5.60009765625
593,20250202,20250209,2025,02,02,2025,02,09,34.547443,34.270367,33.199707,4.5395093,1.1330272,20.607145,24438,6.19970703125
594,20250210,20250217,2025,02,10,2025,02,17,37.93312,37.60505,36.600098,5.4560413,1.1352087,29.768387,21058,5.0
595,20250218,20250225,2025,02,18,2025,02,25,35.160175,34.799065,33.0,5.44786,1.1488404,29.679176,26063,5.7998046875
596,20250226,20250305,2025,02,26,2025,03,05,34.905746,34.611023,33.600098,4.855437,1.134693,23.575268,26022,5.0
597,20250306,20250313,2025,03,06,2025,03,13,37.553738,37.196873,36.600098,5.454347,1.1447831,29.749903,25683,6.19970703125
598,20250314,20250321,2025,03,14,2025,03,21,34.754765,34.453083,33.399902,4.843587,1.1374826,23.460333,26061,5.0
599,20250322,20250329,2025,03,22,2025,03,29,34.310764,33.894814,32.799805,5.8965564,1.1619803,34.769375,25109,5.7998046875
600,20250407,20250414,2025,04,07,2025,04,14,35.995476,35.196384,33.799805,9.050821,1.2171965,81.91736,10987,6.0
601,20250423,20250430,2025,04,23,2025,04,30,34.653004,34.392982,33.600098,4.7438617,1.1241225,22.504225,24760,3.60009765625
602,20250501,20250508,2025,05,01,2025,05,08,35.745342,35.391193,35.0,5.319011,1.1482865,28.291882,15428,5.60009765625
603,20250509,20250516,2025,05,09,2025,05,16,34.67589,34.322273,33.600098,5.4338155,1.147561,29.52635,19244,4.599609375
604,20250517,20250524,2025,05,17,2025,05,24,35.92064,35.48936,34.399902,6.092541,1.1609962,37.11906,17269,5.2001953125
605,20250525,20250601,2025,05,25,2025,06,01,36.064846,35.77718,35.0,4.882749,1.130742,23.84124,9624,4.60009765625
606,20250602,20250609,2025,06,02,2025,06,09,37.698048,37.421444,36.600098,4.765207,1.1265686,22.707197,12231,5.2001953125
607,20250610,20250617,2025,06,10,2025,06,17,33.730476,33.313725,31.600098,5.870558,1.1624032,34.463448,20832,4.0
608,20250618,20250625,2025,06,18,2025,06,25,35.815735,35.42958,35.0,5.7916913,1.1520811,33.54369,10816,5.4503173828125
