,start date,end date,start year,start month,start day,end year,end month,end day,POC mean,POC geometric mean,POC median:,POC std,POC geometric std,POC variance,POC N
0,2024-03-05,2024-03-12,2024,03,05,2024,03,12,30.742008,30.458393,30.0,4.3032646,1.1440552,18.518085,12692
1,2024-03-13,2024-03-20,2024,03,13,2024,03,20,30.955954,30.812885,30.600098,3.0112536,1.1006105,9.067649,18899
2,2024-03-21,2024-03-28,2024,03,21,2024,03,28,29.325066,29.12531,28.799805,3.4748938,1.1233184,12.074887,21214
3,2024-03-29,2024-04-05,2024,03,29,2024,04,05,31.203386,31.041765,31.0,3.1937592,1.1071358,10.200098,19758
4,2024-04-06,2024-04-13,2024,04,06,2024,04,13,31.336763,31.206125,31.199707,2.8894112,1.0954093,8.348697,19781
5,2024-04-14,2024-04-21,2024,04,14,2024,04,21,28.198273,27.976402,28.0,3.596729,1.1331054,12.93646,17565
6,2024-04-22,2024-04-29,2024,04,22,2024,04,29,29.784283,29.648552,29.600098,2.875727,1.0998801,8.269806,14189
7,2024-04-30,2024-05-07,2024,04,30,2024,05,07,31.594456,31.42057,31.799805,3.2903829,1.1116146,10.826619,6203
8,2024-05-08,2024-05-15,2024,05,08,2024,05,15,31.959352,31.863543,31.600098,2.4957829,1.0803361,6.2289324,5327
9,2024-05-16,2024-05-23,2024,05,16,2024,05,23,30.193556,30.06635,30.399902,2.753765,1.0967458,7.5832224,2774
10,2024-05-24,2024-05-31,2024,05,24,2024,05,31,24.743237,24.623434,24.199707,2.6411526,1.1002197,6.9756875,19691
11,2024-06-01,2024-06-08,2024,06,01,2024,06,08,27.052263,26.934767,26.399902,2.6525178,1.0955813,7.03585,3514
12,2024-06-09,2024-06-16,2024,06,09,2024,06,16,27.240072,26.812275,25.600098,6.5525594,1.1695005,42.936035,6747
13,2024-06-17,2024-06-24,2024,06,17,2024,06,24,25.900293,25.4372,24.399902,6.867062,1.1794175,47.15654,16657
14,2024-06-25,2024-07-02,2024,06,25,2024,07,02,28.551352,28.45411,28.199707,2.4146,1.0851655,5.830292,12923
15,2024-07-03,2024-07-10,2024,07,03,2024,07,10,27.462807,27.408148,27.199707,1.7628527,1.0646542,3.1076496,9354
16,2024-07-11,2024-07-18,2024,07,11,2024,07,18,36.218414,36.018394,35.199707,3.9027963,1.1097856,15.231819,1167
17,2024-07-19,2024-07-26,2024,07,19,2024,07,26,29.695475,29.561256,29.199707,2.9628494,1.0977138,8.778476,6579
18,2024-07-27,2024-08-03,2024,07,27,2024,08,03,32.649788,32.531223,32.600098,2.7688446,1.0894289,7.6665006,5633
19,2024-08-04,2024-08-11,2024,08,04,2024,08,11,30.50386,30.40165,30.199707,2.5169098,1.0851995,6.3348346,11997
20,2024-08-12,2024-08-19,2024,08,12,2024,08,19,31.059706,30.792177,30.199707,4.568234,1.1336075,20.868763,15518
21,2024-08-20,2024-08-27,2024,08,20,2024,08,27,29.529808,29.289757,28.799805,4.358829,1.1274923,18.999392,25566
22,2024-08-28,2024-09-04,2024,08,28,2024,09,04,31.45012,30.883541,29.799805,7.8071427,1.1837726,60.95148,14277
23,2024-09-05,2024-09-12,2024,09,05,2024,09,12,29.457884,28.899584,28.0,7.809248,1.1857586,60.984352,22573
24,2024-09-13,2024-09-20,2024,09,13,2024,09,20,31.809948,31.33884,30.399902,6.67088,1.1719176,44.500637,23141
25,2024-09-21,2024-09-28,2024,09,21,2024,09,28,32.02751,31.913517,32.0,2.72114,1.0879607,7.4046025,10678
26,2024-09-29,2024-10-06,2024,09,29,2024,10,06,30.954002,30.395918,30.199707,6.359652,1.2037429,40.44517,11873
27,2024-10-07,2024-10-14,2024,10,07,2024,10,14,31.303083,30.831978,29.600098,6.0223527,1.1813533,36.26873,18538
28,2024-10-15,2024-10-22,2024,10,15,2024,10,22,31.201744,30.810926,29.799805,5.4271326,1.1649098,29.453768,21308
29,2024-10-23,2024-10-30,2024,10,23,2024,10,30,31.327536,31.009985,30.199707,4.837512,1.1479076,23.401524,22093
30,2024-10-31,2024-11-07,2024,10,31,2024,11,07,30.82517,30.441254,29.199707,5.326348,1.16457,28.36998,22581
31,2024-11-08,2024-11-15,2024,11,08,2024,11,15,32.695145,32.363667,31.799805,5.028347,1.1484169,25.284275,24475
32,2024-11-16,2024-11-23,2024,11,16,2024,11,23,34.170013,33.74369,32.600098,6.0402303,1.1632655,36.484383,21112
33,2024-11-24,2024-12-01,2024,11,24,2024,12,01,34.2935,34.00296,33.399902,4.681262,1.1364725,21.914215,16483
34,2024-12-02,2024-12-09,2024,12,02,2024,12,09,32.552734,32.221172,31.0,4.905337,1.1500145,24.06233,18921
35,2024-12-10,2024-12-17,2024,12,10,2024,12,17,32.492607,32.267315,31.399902,3.9926298,1.1228025,15.941092,24536
36,2024-12-18,2024-12-25,2024,12,18,2024,12,25,33.247257,32.99013,32.399902,4.2438927,1.1312697,18.010626,22548
37,2024-12-26,2024-12-31,2024,12,26,2024,12,31,34.854187,34.52937,34.199707,4.86349,1.1454793,23.653534,7206
38,2025-01-01,2025-01-08,2025,01,01,2025,01,08,34.608917,34.24592,33.199707,5.289217,1.1524811,27.975819,20046
39,2025-01-09,2025-01-16,2025,01,09,2025,01,16,33.83397,33.55367,33.399902,4.4146376,1.1371113,19.489023,23745
40,2025-01-17,2025-01-24,2025,01,17,2025,01,24,35.051437,34.803127,34.0,4.329414,1.1245124,18.743826,24252
41,2025-01-25,2025-02-01,2025,01,25,2025,02,01,37.71095,37.496506,37.0,4.123595,1.111481,17.004036,17855
42,2025-02-02,2025-02-09,2025,02,02,2025,02,09,32.382202,32.120857,31.199707,4.280506,1.1333259,18.322731,20723
43,2025-02-10,2025-02-17,2025,02,10,2025,02,17,35.66366,35.361294,35.0,4.893522,1.1364362,23.946556,14909
44,2025-02-18,2025-02-25,2025,02,18,2025,02,25,31.550732,31.23416,29.799805,4.827389,1.1470331,23.303684,25603
45,2025-02-26,2025-03-05,2025,02,26,2025,03,05,32.212013,31.949078,31.199707,4.3560085,1.1331053,18.97481,23815
46,2025-03-06,2025-03-13,2025,03,06,2025,03,13,33.930527,33.596638,33.199707,4.98135,1.1481863,24.813848,23540
47,2025-03-14,2025-03-21,2025,03,14,2025,03,21,31.79285,31.54554,30.799805,4.211534,1.1294459,17.73702,25179
48,2025-03-22,2025-03-29,2025,03,22,2025,03,29,32.350002,31.908161,31.199707,5.809637,1.1745175,33.751884,19248
49,2025-03-30,2025-04-06,2025,03,30,2025,04,06,32.926292,32.51496,32.199707,6.060394,1.1618453,36.72837,22255
50,2025-04-07,2025-04-14,2025,04,07,2025,04,14,32.46286,31.733839,30.600098,8.239494,1.2182318,67.88926,9140
51,2025-04-15,2025-04-22,2025,04,15,2025,04,22,34.712204,34.388653,33.600098,5.3745713,1.138335,28.886015,11624
52,2025-04-23,2025-04-30,2025,04,23,2025,04,30,32.406322,32.10907,31.799805,5.160991,1.136428,26.635832,21996
