Unnamed: 0,start date,end_date,start year,start month,start day,end year,end month,end day,chl-a mean,chl-a geometric mean,chl-a median,chl-a std,chl-a geometric std,chl-a variance,chl-a N,chl-a IQR
0,20120117,20120124,2012,1,17,2012,1,24,0.13369903,0.12738347,0.12116853,0.044650737,1.3551927,0.0019936883,23691,0.0438719354569911
1,20120125,20120201,2012,1,25,2012,2,1,0.13306285,0.12677787,0.1176782,0.047394227,1.3404148,0.002246213,26046,0.0325117483735084
2,20120202,20120209,2012,2,2,2012,2,9,0.11485998,0.1102381,0.10353453,0.037004355,1.3135363,0.0013693224,26030,0.0322190783917903
3,20120210,20120217,2012,2,10,2012,2,17,0.11641329,0.11078879,0.105258405,0.041623358,1.3489099,0.001732504,25712,0.0359183270484209
4,20120218,20120225,2012,2,18,2012,2,25,0.11519725,0.10203679,0.098393485,0.06347536,1.6163135,0.0040291212,21123,0.0675559528172016
5,20120226,20120304,2012,2,26,2012,3,4,0.15201989,0.13847741,0.13673481,0.071569785,1.5335921,0.005122234,18337,0.0711669102311134
6,20120305,20120312,2012,3,5,2012,3,12,0.124633856,0.11775008,0.10765688,0.051725917,1.3710717,0.0026755705,25720,0.0457461047917604
7,20120313,20120320,2012,3,13,2012,3,20,0.086203046,0.08029877,0.07467866,0.042532966,1.4164227,0.0018090531,24764,0.0285818446427583
8,20120321,20120328,2012,3,21,2012,3,28,0.08279058,0.07517141,0.066404164,0.051693276,1.4919232,0.0026721947,24138,0.0401501404121518
9,20120329,20120405,2012,3,29,2012,4,5,0.08076779,0.07318378,0.066115476,0.050518688,1.4876764,0.002552138,24905,0.0370437465608119
10,20120406,20120413,2012,4,6,2012,4,13,0.086634964,0.077317975,0.06890896,0.059985742,1.514762,0.0035982893,24553,0.0301792211830616
11,20120414,20120421,2012,4,14,2012,4,21,0.079210095,0.071144104,0.06678167,0.04605909,1.5430365,0.00212144,22034,0.0373854078352451
12,20120422,20120429,2012,4,22,2012,4,29,0.075487256,0.070209906,0.06707497,0.035135485,1.4231694,0.0012345023,25485,0.0221174247562885
13,20120430,20120507,2012,4,30,2012,5,7,0.059061095,0.054574665,0.056252737,0.0278523,1.4654335,0.00077575067,13300,0.0295680640265345
14,20120508,20120515,2012,5,8,2012,5,15,0.07147495,0.06759591,0.062429883,0.031088123,1.347112,0.00096647145,24590,0.0136160468682646
15,20120516,20120523,2012,5,16,2012,5,23,0.076388314,0.07240564,0.06603279,0.033222113,1.3338735,0.0011037089,26025,0.0145424045622348
16,20120524,20120531,2012,5,24,2012,5,31,0.06313463,0.058984682,0.060423385,0.025391392,1.439703,0.0006447228,11911,0.0285187866538763
17,20120601,20120608,2012,6,1,2012,6,8,0.067940705,0.062475093,0.059770137,0.03451474,1.4632792,0.0011912673,15618,0.0198558429256081
18,20120609,20120616,2012,6,9,2012,6,16,0.06624797,0.06423263,0.06290219,0.018510902,1.2716758,0.0003426535,10018,0.0163111891597509
19,20120617,20120624,2012,6,17,2012,6,24,0.079957075,0.076892346,0.07565302,0.027035855,1.3007373,0.0007309374,18240,0.0155299510806798
20,20120625,20120702,2012,6,25,2012,7,2,0.06667564,0.064810075,0.06330521,0.02057429,1.2489098,0.00042330145,24504,0.0117928069084882
21,20120703,20120710,2012,7,3,2012,7,10,0.045933466,0.044600595,0.0458155,0.010926331,1.2817243,0.00011938471,8928,0.0133351329714059
22,20120711,20120718,2012,7,11,2012,7,18,0.053239357,0.047985554,0.047273148,0.03492804,1.5259938,0.0012199678,7275,0.0269714761525392
23,20120719,20120726,2012,7,19,2012,7,26,0.04294411,0.04043109,0.04056257,0.018916313,1.3880836,0.0003578269,3829,0.0156169943511486
24,20120727,20120803,2012,7,27,2012,8,3,0.037643325,0.035873264,0.037400715,0.011104379,1.3792061,0.00012330723,2785,0.0159429311752319
25,20120804,20120811,2012,8,4,2012,8,11,0.08073664,0.07040026,0.07390248,0.04175988,1.7226582,0.0017438873,4998,0.039908836595714
26,20120812,20120819,2012,8,12,2012,8,19,0.08925196,0.07825128,0.07208192,0.05380488,1.6277285,0.002894965,6563,0.0356995705515146
27,20120820,20120827,2012,8,20,2012,8,27,0.04787166,0.041617528,0.037298925,0.030986449,1.6515183,0.00096016005,2088,0.0261240415275096
28,20120828,20120904,2012,8,28,2012,9,4,0.08353046,0.075413406,0.07158775,0.04494815,1.5375634,0.0020203362,18150,0.0267399530857801
29,20120905,20120912,2012,9,5,2012,9,12,0.06365703,0.056900196,0.054612853,0.033577446,1.5848312,0.0011274449,7616,0.0251175248995423
30,20120913,20120920,2012,9,13,2012,9,20,0.074021354,0.06809844,0.06130607,0.03477663,1.4702532,0.0012094142,5477,0.0284211188554763
31,20120921,20120928,2012,9,21,2012,9,28,0.049884237,0.045279954,0.046349127,0.024732338,1.5361323,0.00061168853,3013,0.0258096680045127
32,20120929,20121006,2012,9,29,2012,10,6,0.080711894,0.07596834,0.069313385,0.032061204,1.3901532,0.0010279209,24884,0.0247247507795691
33,20121007,20121014,2012,10,7,2012,10,14,0.07347734,0.069103144,0.06321166,0.0293844,1.3913194,0.000863443,26048,0.023732166737318
34,20121015,20121022,2012,10,15,2012,10,22,0.07562875,0.06693529,0.059601948,0.04195273,1.6056284,0.0017600316,19232,0.0395253077149391
35,20121023,20121030,2012,10,23,2012,10,30,0.086118974,0.07712939,0.06943408,0.045132827,1.5705923,0.002036972,24813,0.038578126579523
36,20121031,20121107,2012,10,31,2012,11,7,0.08530378,0.07931286,0.070703596,0.036538765,1.4361365,0.0013350814,25721,0.0329584851861
37,20121108,20121115,2012,11,8,2012,11,15,0.08854593,0.08067805,0.07714695,0.040202513,1.5330944,0.0016162421,23282,0.0446102265268564
38,20121116,20121123,2012,11,16,2012,11,23,0.09336578,0.089304864,0.082607515,0.029973477,1.3342537,0.00089840934,26033,0.032611072063446
39,20121124,20121201,2012,11,24,2012,12,1,0.1026349,0.09624117,0.089842565,0.03781581,1.431304,0.0014300355,18778,0.0498596522957086
40,20121202,20121209,2012,12,2,2012,12,9,0.09450113,0.088566765,0.08217479,0.0365699,1.419988,0.0013373577,23998,0.0418561957776546
41,20121210,20121217,2012,12,10,2012,12,17,0.10343044,0.09957499,0.09134227,0.030451296,1.3068081,0.0009272814,25983,0.0405041091144084
42,20121218,20121225,2012,12,18,2012,12,25,0.11596648,0.11014741,0.10515708,0.03882486,1.373549,0.0015073697,23822,0.0513519383966922
43,20121226,20121231,2012,12,26,2012,12,31,0.104087055,0.097776584,0.095130846,0.03764549,1.4248505,0.0014171829,22612,0.0530154034495353
44,20130101,20130108,2013,1,1,2013,1,8,0.12146521,0.11504967,0.11040549,0.040592413,1.3910447,0.001647744,24924,0.0621346216648817
45,20130109,20130116,2013,1,9,2013,1,16,0.13157338,0.12185828,0.12914684,0.049827002,1.4974569,0.0024827302,20583,0.0788427740335464
46,20130117,20130124,2013,1,17,2013,1,24,0.13254425,0.1255721,0.12896405,0.042347472,1.4013348,0.0017933085,21783,0.0663617812097072
47,20130125,20130201,2013,1,25,2013,2,1,0.11027052,0.10369349,0.09766148,0.04004925,1.4168302,0.0016039426,24323,0.0562321506440639
48,20130202,20130209,2013,2,2,2013,2,9,0.120387025,0.11180587,0.11888459,0.04483984,1.4897181,0.0020106111,16150,0.061340358108282
49,20130210,20130217,2013,2,10,2013,2,17,0.11785899,0.111923166,0.10389823,0.042949438,1.3606557,0.0018446543,25456,0.0515661481767892
50,20130218,20130225,2013,2,18,2013,2,25,0.13142684,0.11857574,0.114769645,0.068561025,1.5508963,0.0047006137,20776,0.0779860839247703
51,20130226,20130305,2013,2,26,2013,3,5,0.137039,0.12966672,0.12847845,0.05139025,1.3802062,0.0026409577,23801,0.0547721982002258
52,20130306,20130313,2013,3,6,2013,3,13,0.108738266,0.10309624,0.09634715,0.04108198,1.3631558,0.001687729,25815,0.0464766286313533
53,20130314,20130321,2013,3,14,2013,3,21,0.10133483,0.09455695,0.09230952,0.04327822,1.4324341,0.0018730045,24721,0.0456240326166152
54,20130322,20130329,2013,3,22,2013,3,29,0.084028006,0.07703599,0.0759318,0.03978086,1.4914069,0.0015825166,25573,0.0455816574394702
55,20130330,20130406,2013,3,30,2013,4,6,0.06363753,0.05912755,0.057920393,0.026287476,1.4539838,0.00069103134,24773,0.032190628349781
56,20130407,20130414,2013,4,7,2013,4,14,0.06267613,0.057756905,0.055160087,0.02879835,1.4710371,0.0008293449,24654,0.0317173954099416
57,20130415,20130422,2013,4,15,2013,4,22,0.0776529,0.07324907,0.07039964,0.028210523,1.3997655,0.0007958336,23414,0.0395566411316394
58,20130423,20130430,2013,4,23,2013,4,30,0.06879637,0.06281993,0.067451015,0.02967722,1.5518087,0.0008807374,12210,0.0336133819073438
59,20130501,20130508,2013,5,1,2013,5,8,0.05496339,0.052875884,0.050100006,0.017397752,1.3039665,0.0003026818,18604,0.0166330439969897
60,20130509,20130516,2013,5,9,2013,5,16,0.059951603,0.057341654,0.05516435,0.019298004,1.3403603,0.000372413,23233,0.0223976261913776
61,20130517,20130524,2013,5,17,2013,5,24,0.053832315,0.050677072,0.048333522,0.023386043,1.3768959,0.00054690696,15675,0.0166236422955989
62,20130525,20130601,2013,5,25,2013,6,1,0.07171107,0.067562714,0.0629655,0.03028615,1.3812702,0.0009172509,22767,0.0245091300457716
63,20130602,20130609,2013,6,2,2013,6,9,0.05157399,0.048497975,0.04976697,0.019735739,1.4169787,0.0003894994,6331,0.0168021656572818
64,20130610,20130617,2013,6,10,2013,6,17,0.071241386,0.06453463,0.059817873,0.03916853,1.5170103,0.0015341737,11046,0.0304764993488788
65,20130618,20130625,2013,6,18,2013,6,25,0.06938951,0.06501544,0.062026657,0.034010693,1.3815628,0.0011567272,19912,0.0155508704483509
66,20130626,20130703,2013,6,26,2013,7,3,0.073085874,0.06924664,0.065519765,0.03060681,1.3486968,0.00093677687,21708,0.0167075265198946
67,20130704,20130711,2013,7,4,2013,7,11,0.060891762,0.059720542,0.06031586,0.011900458,1.2231841,0.00014162088,10597,0.0120865516364574
68,20130712,20130719,2013,7,12,2013,7,19,0.057264347,0.049945988,0.050813165,0.032979485,1.6795425,0.0010876465,2900,0.0254673361778259
69,20130720,20130727,2013,7,20,2013,7,27,0.06106895,0.056424093,0.054231733,0.034721937,1.4151224,0.0012056129,20775,0.0134576223790645
70,20130728,20130804,2013,7,28,2013,8,4,0.04529541,0.041920707,0.03945516,0.021713916,1.4443393,0.00047149416,1400,0.0153117664158344
71,20130805,20130812,2013,8,5,2013,8,12,0.053733572,0.050173614,0.04837172,0.026498768,1.4032816,0.00070218474,13861,0.0192727632820606
72,20130813,20130820,2013,8,13,2013,8,20,0.065566316,0.058017924,0.055704206,0.043874826,1.5619254,0.0019250003,15958,0.020988549105823
73,20130821,20130828,2013,8,21,2013,8,28,0.065074734,0.06005653,0.056431547,0.034297463,1.433273,0.001176316,19419,0.0151242408901453
74,20130829,20130905,2013,8,29,2013,9,5,0.07239204,0.06594071,0.061849244,0.04096431,1.47479,0.0016780745,25438,0.0196812823414802
75,20130906,20130913,2013,9,6,2013,9,13,0.06650615,0.060894374,0.0547345,0.037316445,1.4464613,0.001392517,25770,0.0153627814725041
76,20130914,20130921,2013,9,14,2013,9,21,0.06390878,0.057293676,0.050102606,0.03889052,1.5158149,0.0015124723,23966,0.018353016115725
77,20130922,20130929,2013,9,22,2013,9,29,0.07308264,0.066168316,0.059061985,0.04105918,1.497528,0.0016858564,26027,0.0226242486387491
78,20130930,20131007,2013,9,30,2013,10,7,0.08101389,0.07339208,0.069207534,0.04266666,1.5173888,0.0018204439,24656,0.0270611969754099
79,20131008,20131015,2013,10,8,2013,10,15,0.080676794,0.070779234,0.06370504,0.049333766,1.6103591,0.0024338204,24509,0.0343220457434654
80,20131016,20131023,2013,10,16,2013,10,23,0.09592827,0.08496968,0.07897767,0.050087493,1.6350288,0.002508757,18875,0.056408867239952
81,20131024,20131031,2013,10,24,2013,10,31,0.084899455,0.07753448,0.0688497,0.041494884,1.4957631,0.0017218255,24772,0.0363908978179097
82,20131101,20131108,2013,11,1,2013,11,8,0.0988691,0.09065355,0.08663636,0.04282172,1.5134335,0.0018336996,25502,0.0571643523871898
83,20131109,20131116,2013,11,9,2013,11,16,0.096034214,0.09010293,0.07840051,0.037022997,1.4109086,0.0013707024,26034,0.05204095877707
84,20131117,20131124,2013,11,17,2013,11,24,0.096193686,0.08797137,0.08133415,0.042388447,1.5182801,0.0017967804,25154,0.0591983906924724
85,20131125,20131202,2013,11,25,2013,12,2,0.10021563,0.094926,0.085837536,0.035161894,1.3785008,0.0012363587,25843,0.0494493134319782
86,20131203,20131210,2013,12,3,2013,12,10,0.10132059,0.09445047,0.088033296,0.04162773,1.4382526,0.001732868,24100,0.0443865731358528
87,20131211,20131218,2013,12,11,2013,12,18,0.12508403,0.11783079,0.11329942,0.0455142,1.4073049,0.0020715424,25052,0.0594948846846818
88,20131219,20131226,2013,12,19,2013,12,26,0.13605998,0.124917924,0.12049058,0.05836319,1.5162812,0.003406262,20308,0.0674030873924493
89,20131227,20131231,2013,12,27,2013,12,31,0.12794632,0.122574076,0.114871815,0.041696776,1.3244011,0.001738621,23050,0.0486476030200719
90,20140101,20140108,2014,1,1,2014,1,8,0.120219015,0.11488755,0.11018586,0.03882555,1.3415295,0.0015074234,25920,0.0497602485120296
91,20140109,20140116,2014,1,9,2014,1,16,0.12083738,0.1147658,0.104079716,0.042785652,1.3612844,0.0018306121,25643,0.052282515913248
92,20140117,20140124,2014,1,17,2014,1,24,0.109543,0.10273722,0.091301575,0.048016448,1.3926076,0.0023055791,25801,0.0417293310165405
93,20140125,20140201,2014,1,25,2014,2,1,0.10197941,0.09157821,0.09163608,0.04912234,1.5925164,0.0024130044,24020,0.0575041621923446
94,20140202,20140209,2014,2,2,2014,2,9,0.09373913,0.08810267,0.08417117,0.036436453,1.4073216,0.0013276151,20933,0.0289854109287261
95,20140210,20140217,2014,2,10,2014,2,17,0.098559394,0.093453884,0.08571561,0.035596047,1.366707,0.0012670784,24577,0.0378279536962509
96,20140218,20140225,2014,2,18,2014,2,25,0.089040756,0.08268694,0.07884392,0.036873884,1.455933,0.0013596833,23764,0.0427767187356948
97,20140226,20140305,2014,2,26,2014,3,5,0.07669443,0.07268381,0.068944894,0.026429087,1.3788441,0.0006984966,26046,0.034332369454205
98,20140306,20140313,2014,3,6,2014,3,13,0.06767274,0.06359596,0.060408518,0.02520812,1.4115064,0.00063544925,26056,0.0332402354106307
99,20140314,20140321,2014,3,14,2014,3,21,0.06521547,0.061648674,0.05736705,0.023791054,1.383344,0.00056601426,26057,0.0315222293138504
100,20140322,20140329,2014,3,22,2014,3,29,0.063855596,0.05863361,0.053600762,0.02928967,1.4884174,0.0008578848,22443,0.0335701219737529
101,20140330,20140406,2014,3,30,2014,4,6,0.05516831,0.05153926,0.046592843,0.022545362,1.4244792,0.00050829333,24383,0.025824349373579
102,20140407,20140414,2014,4,7,2014,4,14,0.060223542,0.055370703,0.053528097,0.0268174,1.4911498,0.00071917294,24191,0.0326916500926017
103,20140415,20140422,2014,4,15,2014,4,22,0.0545595,0.050788958,0.050090633,0.021717967,1.4551247,0.0004716701,17416,0.025262021459639
104,20140423,20140430,2014,4,23,2014,4,30,0.058644123,0.055873357,0.052495502,0.019942096,1.3523916,0.00039768717,25534,0.0250334618613123
105,20140501,20140508,2014,5,1,2014,5,8,0.059311822,0.057501256,0.053734273,0.016423155,1.2687047,0.00026972,26014,0.0182172637432813
106,20140509,20140516,2014,5,9,2014,5,16,0.059028357,0.057199147,0.05447465,0.01698494,1.2676731,0.00028848817,26064,0.018725243397057
107,20140517,20140524,2014,5,17,2014,5,24,0.053974055,0.05247008,0.051169775,0.014407746,1.2554781,0.00020758313,24870,0.0128066139295697
108,20140525,20140601,2014,5,25,2014,6,1,0.05444196,0.052209537,0.052266486,0.016279293,1.334913,0.00026501538,8309,0.0149233676493167
109,20140602,20140609,2014,6,2,2014,6,9,0.04633566,0.04318942,0.04867747,0.016421305,1.4744524,0.00026965924,1254,0.0259981099516153
110,20140610,20140617,2014,6,10,2014,6,17,0.061623964,0.058948442,0.055860937,0.018889092,1.3451445,0.00035679777,6668,0.0234450725838542
111,20140618,20140625,2014,6,18,2014,6,25,0.06555413,0.064518094,0.06541738,0.01135373,1.2017506,0.0001289072,14669,0.0108133666217327
112,20140626,20140703,2014,6,26,2014,7,3,0.055363502,0.052003868,0.049225993,0.021332085,1.408676,0.00045505786,6200,0.0210223821923136
113,20140704,20140711,2014,7,4,2014,7,11,0.057061512,0.05406117,0.056845695,0.019006662,1.395203,0.0003612532,12116,0.0206629484891891
114,20140712,20140719,2014,7,12,2014,7,19,0.05632178,0.055321287,0.056093015,0.0103883445,1.2133555,0.000107917695,21779,0.0135969147086143
115,20140720,20140727,2014,7,20,2014,7,27,0.06488019,0.063687466,0.064419284,0.012537852,1.2136158,0.00015719773,23913,0.0154810510575771
116,20140728,20140804,2014,7,28,2014,8,4,0.06904486,0.06765888,0.068706565,0.013733172,1.227449,0.00018860001,12065,0.0134738162159919
117,20140805,20140812,2014,8,5,2014,8,12,0.06640938,0.063394584,0.06338409,0.020263521,1.3616948,0.0004106103,7531,0.0238273032009601
118,20140813,20140820,2014,8,13,2014,8,20,0.06456773,0.061727274,0.061799325,0.019509079,1.3557594,0.00038060418,11818,0.0227603809908032
119,20140821,20140828,2014,8,21,2014,8,28,0.07282225,0.070991606,0.072379455,0.015893886,1.2620816,0.0002526156,16994,0.0157722830772399
120,20140829,20140905,2014,8,29,2014,9,5,0.07277528,0.07134833,0.0697741,0.014521666,1.2221758,0.00021087877,22765,0.0161340981721878
121,20140906,20140913,2014,9,6,2014,9,13,0.061380632,0.059445903,0.0614067,0.015213503,1.2962264,0.00023145066,14199,0.0182308088988065
122,20140914,20140921,2014,9,14,2014,9,21,0.06345933,0.062783435,0.061518297,0.009896506,1.1534488,9.794082e-05,26053,0.0081453882157802
123,20140922,20140929,2014,9,22,2014,9,29,0.057624917,0.05660101,0.056312993,0.011223471,1.2073003,0.0001259663,25042,0.0122543293982744
124,20140930,20141007,2014,9,30,2014,10,7,0.066056944,0.06472715,0.06354098,0.01406042,1.2193825,0.00019769542,25934,0.0120267635211348
125,20141008,20141015,2014,10,8,2014,10,15,0.06834885,0.065058626,0.06529084,0.022175418,1.3708808,0.00049174915,16563,0.0202048569917678
126,20141016,20141023,2014,10,16,2014,10,23,0.06818532,0.0662836,0.06463196,0.017809853,1.257523,0.00031719086,26051,0.0152047034353017
127,20141024,20141031,2014,10,24,2014,10,31,0.06401036,0.061523456,0.060663417,0.018368587,1.3274406,0.000337405,24163,0.0199789088219404
128,20141101,20141108,2014,11,1,2014,11,8,0.077948056,0.075477205,0.07304695,0.021172408,1.2802775,0.00044827088,26038,0.0219140518456697
129,20141109,20141116,2014,11,9,2014,11,16,0.07330399,0.06952585,0.06846894,0.024644263,1.3829981,0.00060733967,22775,0.0293274130672216
130,20141117,20141124,2014,11,17,2014,11,24,0.08463991,0.0828143,0.07897858,0.01867058,1.2263579,0.00034859055,26064,0.0205561015754938
131,20141125,20141202,2014,11,25,2014,12,2,0.08813598,0.08628869,0.081657134,0.019089457,1.2228463,0.00036440734,26058,0.024078344926238
132,20141203,20141210,2014,12,3,2014,12,10,0.08806733,0.08541607,0.08449873,0.022474855,1.2772002,0.0005051191,25916,0.0309074334800243
133,20141211,20141218,2014,12,11,2014,12,18,0.09231197,0.0898394,0.087268345,0.022412797,1.2578605,0.0005023335,25973,0.0297432467341423
134,20141219,20141226,2014,12,19,2014,12,26,0.08777847,0.08202176,0.078067146,0.032813113,1.4463415,0.0010767003,21794,0.0508161457255482
135,20141227,20141231,2014,12,27,2014,12,31,0.11057286,0.10603034,0.11392498,0.028955512,1.3623978,0.00083842163,11351,0.032128520309925
136,20150101,20150108,2015,1,1,2015,1,8,0.112141415,0.109995276,0.110461324,0.022010189,1.2203174,0.00048444842,24995,0.0230503715574741
137,20150109,20150116,2015,1,9,2015,1,16,0.09761365,0.09565377,0.09180394,0.02134155,1.2148503,0.00045546176,25921,0.0246398001909255
138,20150117,20150124,2015,1,17,2015,1,24,0.106758304,0.10453019,0.10525543,0.021821618,1.2325904,0.00047618302,24726,0.0232492983341217
139,20150125,20150201,2015,1,25,2015,2,1,0.09451464,0.092083775,0.08945945,0.022579128,1.251869,0.000509817,26031,0.0284277088940143
140,20150202,20150209,2015,2,2,2015,2,9,0.08193154,0.08016106,0.07943431,0.018009456,1.2275597,0.00032434048,26013,0.021432526409626
141,20150210,20150217,2015,2,10,2015,2,17,0.07259308,0.07052494,0.07097064,0.018236844,1.266934,0.00033258248,26063,0.0211690291762352
142,20150218,20150225,2015,2,18,2015,2,25,0.065919764,0.062164497,0.06047739,0.0230836,1.4062096,0.00053285254,21510,0.0343620460480451
143,20150226,20150305,2015,2,26,2015,3,5,0.072136514,0.068868086,0.068618186,0.02249038,1.354293,0.0005058172,25853,0.030537974089384
144,20150306,20150313,2015,3,6,2015,3,13,0.0806479,0.07714414,0.08093945,0.023973852,1.3498616,0.0005747456,25896,0.0363400308415293
145,20150314,20150321,2015,3,14,2015,3,21,0.06510039,0.06273274,0.061700735,0.018933306,1.3041365,0.00035847005,26062,0.0214842390269041
146,20150322,20150329,2015,3,22,2015,3,29,0.0621759,0.05900238,0.058361594,0.02077855,1.3809307,0.00043174817,22655,0.0235155709087848
147,20150330,20150406,2015,3,30,2015,4,6,0.06156906,0.05847786,0.056814723,0.020995663,1.3704295,0.00044081785,23115,0.0216176435351371
148,20150407,20150414,2015,4,7,2015,4,14,0.06274576,0.06027138,0.0558033,0.019337926,1.3149459,0.00037395538,25938,0.0200940668582916
149,20150415,20150422,2015,4,15,2015,4,22,0.07102255,0.067801744,0.06600812,0.022313949,1.3534993,0.0004979123,17663,0.0283416826277971
150,20150423,20150430,2015,4,23,2015,4,30,0.059931606,0.057193134,0.058150038,0.018318033,1.3643482,0.00033555034,17284,0.0230446318164467
151,20150501,20150508,2015,5,1,2015,5,8,0.06332939,0.061586887,0.05984302,0.015715647,1.2613761,0.00024698157,21023,0.0188268143683671
152,20150509,20150516,2015,5,9,2015,5,16,0.060252924,0.058454245,0.058207046,0.015626539,1.275588,0.00024418873,13523,0.0143467001616954
153,20150517,20150524,2015,5,17,2015,5,24,0.059012465,0.05770948,0.055227637,0.01313383,1.2296883,0.0001724975,25970,0.016070201061666
154,20150525,20150601,2015,5,25,2015,6,1,0.05155551,0.050547376,0.052837268,0.009256289,1.2381655,8.56789e-05,14405,0.0097248815000057
155,20150602,20150609,2015,6,2,2015,6,9,0.05394353,0.052696645,0.05297328,0.011401237,1.2488889,0.0001299882,18515,0.01174839399755
156,20150610,20150617,2015,6,10,2015,6,17,0.052755155,0.051813837,0.053050756,0.009458527,1.2191498,8.9463734e-05,9666,0.009928866289556
157,20150618,20150625,2015,6,18,2015,6,25,0.06507957,0.06416115,0.06440021,0.010914668,1.18492,0.00011912999,24869,0.0149938538670539
158,20150626,20150703,2015,6,26,2015,7,3,0.06167354,0.06023987,0.06218393,0.012920063,1.2499737,0.00016692802,22050,0.0154630579054355
159,20150704,20150711,2015,7,4,2015,7,11,0.05877132,0.057935104,0.057027496,0.01037702,1.1818255,0.00010768253,25769,0.0107249468564987
160,20150712,20150719,2015,7,12,2015,7,19,0.058331244,0.05730205,0.05829543,0.010912364,1.2105943,0.000119079705,22605,0.0124344862997531
161,20150720,20150727,2015,7,20,2015,7,27,0.054176107,0.05209969,0.051536545,0.015218959,1.3263075,0.00023161671,15891,0.0184591636061668
162,20150728,20150804,2015,7,28,2015,8,4,0.06254653,0.0613986,0.06228042,0.012166331,1.2127066,0.0001480196,24328,0.0140844481065869
163,20150805,20150812,2015,8,5,2015,8,12,0.05822655,0.056936987,0.05638325,0.012774157,1.2327982,0.0001631791,25594,0.0156460748985409
164,20150813,20150820,2015,8,13,2015,8,20,0.059423096,0.05804369,0.057295434,0.013074658,1.245512,0.00017094667,24655,0.0133590772747993
165,20150821,20150828,2015,8,21,2015,8,28,0.060341038,0.058592252,0.05670949,0.0152215315,1.2715647,0.00023169503,24785,0.0181575417518615
166,20150829,20150905,2015,8,29,2015,9,5,0.056708604,0.05564839,0.054931324,0.011275642,1.2130023,0.0001271401,25427,0.0132468454539775
167,20150906,20150913,2015,9,6,2015,9,13,0.055954333,0.05451347,0.05304605,0.013212037,1.2538879,0.00017455792,24973,0.016643401235342
168,20150914,20150921,2015,9,14,2015,9,21,0.05843568,0.057359267,0.056432124,0.011640557,1.2105843,0.00013550257,25295,0.013358736410737
169,20150922,20150929,2015,9,22,2015,9,29,0.06354288,0.062313057,0.061980598,0.012657357,1.2183847,0.0001602087,25982,0.019978854805231
170,20150930,20151007,2015,9,30,2015,10,7,0.06599579,0.06479002,0.06556879,0.012505173,1.2141051,0.00015637933,25859,0.0191781986504793
171,20151008,20151015,2015,10,8,2015,10,15,0.06496863,0.063876316,0.0620917,0.012325023,1.1996539,0.0001519062,26045,0.0175887532532215
172,20151016,20151023,2015,10,16,2015,10,23,0.06362722,0.062490348,0.061531812,0.012530697,1.2069253,0.00015701837,25836,0.0133745679631829
173,20151024,20151031,2015,10,24,2015,10,31,0.07185244,0.069600135,0.06939663,0.018177498,1.2894533,0.00033042146,24628,0.025665464811027
174,20151101,20151108,2015,11,1,2015,11,8,0.07044444,0.06753805,0.06546459,0.021166509,1.3342887,0.00044802108,25064,0.0256673479452729
175,20151109,20151116,2015,11,9,2015,11,16,0.08381715,0.08105921,0.079858124,0.021919718,1.2965784,0.00048047403,25495,0.0280318520963192
176,20151117,20151124,2015,11,17,2015,11,24,0.10255839,0.0988471,0.09881237,0.02744015,1.3178946,0.00075296185,18983,0.0390179939568042
177,20151125,20151202,2015,11,25,2015,12,2,0.1040097,0.10125232,0.10433365,0.023448111,1.2673589,0.00054981397,23193,0.0323791578412056
178,20151203,20151210,2015,12,3,2015,12,10,0.11135779,0.10845256,0.1095483,0.02482356,1.266483,0.00061620906,24764,0.0298799257725477
179,20151211,20151218,2015,12,11,2015,12,18,0.09799112,0.095103644,0.09271322,0.025161494,1.2725725,0.0006331008,24862,0.0289279241114854
180,20151219,20151226,2015,12,19,2015,12,26,0.11059361,0.105566464,0.10623676,0.033498574,1.3624947,0.0011221544,24236,0.0455133635550737
181,20151227,20151231,2015,12,27,2015,12,31,0.10890937,0.104365766,0.1020126,0.03393403,1.3325417,0.0011515184,16309,0.0325513035058975
182,20160101,20160108,2016,1,1,2016,1,8,0.13463615,0.13257828,0.12766261,0.024910567,1.1870561,0.0006205364,26063,0.0296904817223548
183,20160109,20160116,2016,1,9,2016,1,16,0.120064445,0.11704699,0.11511422,0.02799084,1.2511755,0.0007834871,25717,0.0326653346419334
184,20160117,20160124,2016,1,17,2016,1,24,0.098548494,0.095470406,0.0929355,0.026694443,1.278763,0.00071259326,22631,0.0265281870961189
185,20160125,20160201,2016,1,25,2016,2,1,0.10896893,0.106065415,0.10427922,0.025977202,1.2601994,0.000674815,23612,0.030060427263379
186,20160202,20160209,2016,2,2,2016,2,9,0.12304975,0.120697446,0.11528647,0.025311671,1.2122341,0.0006406807,26064,0.0328303407877683
187,20160210,20160217,2016,2,10,2016,2,17,0.10139768,0.100321926,0.09802891,0.015203029,1.1553036,0.0002311321,26063,0.021577026695013
188,20160218,20160225,2016,2,18,2016,2,25,0.09031002,0.08820533,0.0886343,0.019676248,1.2440935,0.0003871547,25917,0.0273345708847045
189,20160226,20160304,2016,2,26,2016,3,4,0.074897684,0.073369846,0.0722333,0.015888978,1.220722,0.00025245963,26036,0.0205677337944507
190,20160305,20160312,2016,3,5,2016,3,12,0.07017397,0.06771456,0.06617467,0.020236433,1.2967647,0.0004095132,26064,0.0237827748060226
191,20160313,20160320,2016,3,13,2016,3,20,0.068316706,0.065381564,0.0646521,0.021491861,1.3388727,0.0004619001,24263,0.0275195054709911
192,20160321,20160328,2016,3,21,2016,3,28,0.058956187,0.055726282,0.05484533,0.020392196,1.3971561,0.00041584167,23280,0.0288918409496545
193,20160329,20160405,2016,3,29,2016,4,5,0.06398359,0.060657855,0.058948014,0.02237733,1.3771172,0.00050074497,24993,0.0260549038648605
194,20160406,20160413,2016,4,6,2016,4,13,0.05197332,0.050070286,0.05031793,0.0148567,1.3100988,0.00022072153,24912,0.0189007632434368
195,20160414,20160421,2016,4,14,2016,4,21,0.05316808,0.050660834,0.050283864,0.017268628,1.3609349,0.0002982055,25872,0.0217080330476164
196,20160422,20160429,2016,4,22,2016,4,29,0.045012444,0.04294022,0.042950645,0.014769639,1.352005,0.00021814223,23495,0.0173139385879039
197,20160430,20160507,2016,4,30,2016,5,7,0.051264465,0.049604498,0.047729883,0.014283155,1.282698,0.00020400852,24209,0.0158660858869552
198,20160508,20160515,2016,5,8,2016,5,15,0.053803645,0.0520647,0.051573694,0.015970351,1.2771107,0.0002550521,23353,0.0123394429683685
199,20160516,20160523,2016,5,16,2016,5,23,0.053857,0.052132744,0.05369652,0.01462509,1.2881951,0.00021389328,15997,0.0127462297677993
200,20160524,20160531,2016,5,24,2016,5,31,0.053834297,0.05239524,0.052477803,0.013378342,1.257099,0.00017898002,23377,0.013988509774208
201,20160601,20160608,2016,6,1,2016,6,8,0.05485863,0.05293916,0.05363237,0.015479426,1.3030009,0.00023961264,14432,0.014430989511311
202,20160609,20160616,2016,6,9,2016,6,16,0.052615836,0.050471596,0.051008966,0.015716357,1.3329871,0.0002470039,17918,0.0156164895743131
203,20160617,20160624,2016,6,17,2016,6,24,0.059290554,0.058186878,0.057431944,0.012100691,1.2113416,0.00014642671,25534,0.0099429246038198
204,20160625,20160702,2016,6,25,2016,7,2,0.058153685,0.057286505,0.05598637,0.011018697,1.1817769,0.00012141168,25862,0.0093013886362314
205,20160703,20160710,2016,7,3,2016,7,10,0.05073196,0.04757471,0.050811738,0.017371647,1.4522384,0.00030177413,11672,0.0213484372943639
206,20160711,20160718,2016,7,11,2016,7,18,0.052477542,0.050808273,0.050542492,0.0133726075,1.2923585,0.00017882664,11800,0.0154611468315124
207,20160719,20160726,2016,7,19,2016,7,26,0.05961342,0.05853204,0.057065666,0.013390695,1.1970893,0.00017931071,25980,0.0090042827650904
208,20160727,20160803,2016,7,27,2016,8,3,0.047938634,0.044534516,0.048154358,0.016793001,1.5071923,0.00028200488,10880,0.0193689595907926
209,20160804,20160811,2016,8,4,2016,8,11,0.036774408,0.034734145,0.035058584,0.011966581,1.4160585,0.00014319907,2628,0.0176065200939774
210,20160812,20160819,2016,8,12,2016,8,19,0.036488492,0.034763705,0.033712517,0.012471493,1.352124,0.00015553815,6011,0.0116296717897057
211,20160820,20160827,2016,8,20,2016,8,27,0.05804612,0.056635335,0.057101607,0.012455276,1.2557564,0.00015513391,21029,0.0170828774571418
212,20160828,20160904,2016,8,28,2016,9,4,0.054220073,0.051866516,0.053691365,0.016863773,1.346693,0.00028438686,18798,0.0165382688865065
213,20160905,20160912,2016,9,5,2016,9,12,0.05086448,0.048656113,0.04857555,0.016178906,1.3459691,0.00026175697,17018,0.0156140970066189
214,20160913,20160920,2016,9,13,2016,9,20,0.05377564,0.050933287,0.05211432,0.01780013,1.3975388,0.0003168446,18623,0.0205350127071142
215,20160921,20160928,2016,9,21,2016,9,28,0.06380931,0.0618622,0.061598517,0.016932484,1.2815925,0.00028670902,22446,0.0133221177384257
216,20160929,20161006,2016,9,29,2016,10,6,0.06126566,0.058955174,0.057668447,0.018164964,1.3126442,0.0003299659,23649,0.0184586644172668
217,20161007,20161014,2016,10,7,2016,10,14,0.06180281,0.05789085,0.05534679,0.025070643,1.4148676,0.00062853715,18295,0.0188626237213611
218,20161015,20161022,2016,10,15,2016,10,22,0.074537724,0.07144715,0.07018088,0.023719743,1.3248965,0.00056262617,24919,0.0243794117122888
219,20161023,20161030,2016,10,23,2016,10,30,0.07514044,0.073247775,0.071306065,0.018742874,1.2427657,0.0003512953,25742,0.0162490103393793
220,20161031,20161107,2016,10,31,2016,11,7,0.07363737,0.07116322,0.06871632,0.02182424,1.2821419,0.00047629746,25974,0.0194442421197891
221,20161108,20161115,2016,11,8,2016,11,15,0.073863134,0.07047904,0.07238654,0.024757236,1.3524052,0.0006129208,22566,0.0236779646947979
222,20161116,20161123,2016,11,16,2016,11,23,0.08370241,0.0804173,0.07768737,0.026377618,1.3131528,0.00069577876,24050,0.0220367144793272
223,20161124,20161201,2016,11,24,2016,12,1,0.0939378,0.0879053,0.0858723,0.037144527,1.426467,0.0013797157,24352,0.0377320535480976
224,20161202,20161209,2016,12,2,2016,12,9,0.11841971,0.110977225,0.109187946,0.044455145,1.4314148,0.0019762598,19779,0.0455605462193489
225,20161210,20161217,2016,12,10,2016,12,17,0.09665719,0.09169191,0.09380443,0.031943265,1.3868577,0.0010203723,16393,0.0376407653093338
226,20161218,20161225,2016,12,18,2016,12,25,0.11810313,0.11141867,0.10578225,0.04634216,1.3822058,0.0021475959,24545,0.0373289361596107
227,20161226,20161231,2016,12,26,2016,12,31,0.11898614,0.11569064,0.110154144,0.030747002,1.2571326,0.00094537815,25955,0.0280545204877853
228,20170101,20170108,2017,1,1,2017,1,8,0.11008181,0.10262928,0.1008539,0.042456888,1.4516366,0.0018025872,13773,0.0565760061144828
229,20170109,20170116,2017,1,9,2017,1,16,0.09435761,0.09186041,0.08920737,0.023287717,1.2536501,0.0005423178,25871,0.0250756405293941
230,20170117,20170124,2017,1,17,2017,1,24,0.11221301,0.1081066,0.10360228,0.032605294,1.3051974,0.0010631052,25796,0.0381646491587162
231,20170125,20170201,2017,1,25,2017,2,1,0.120723054,0.11681226,0.11136581,0.03385228,1.2799867,0.0011459768,26053,0.0337745621800422
232,20170202,20170209,2017,2,2,2017,2,9,0.09342912,0.09034148,0.086883344,0.025780197,1.2878326,0.00066461856,25213,0.0312834829092025
233,20170210,20170217,2017,2,10,2017,2,17,0.086912915,0.08414394,0.080812745,0.023891233,1.2800025,0.000570791,24194,0.0279790051281452
234,20170218,20170225,2017,2,18,2017,2,25,0.09803203,0.09514174,0.09397606,0.0250601,1.272757,0.0006280087,25909,0.0306646823883056
235,20170226,20170305,2017,2,26,2017,3,5,0.10669246,0.10209439,0.10302538,0.032095037,1.3488884,0.0010300913,24066,0.0377027168869972
236,20170306,20170313,2017,3,6,2017,3,13,0.09400496,0.090371445,0.08726305,0.027624289,1.3196565,0.0007631013,20723,0.0340020358562469
237,20170314,20170321,2017,3,14,2017,3,21,0.06875939,0.06544424,0.06392287,0.023104101,1.3612564,0.0005337995,19476,0.0238746693357825
238,20170322,20170329,2017,3,22,2017,3,29,0.06748739,0.06530228,0.06331361,0.018331254,1.2849029,0.0003360349,26019,0.0220489893108606
239,20170330,20170406,2017,3,30,2017,4,6,0.059376404,0.05732065,0.05462022,0.017084347,1.2931111,0.0002918749,25385,0.0201695822179317
240,20170407,20170414,2017,4,7,2017,4,14,0.056459725,0.05412985,0.05221452,0.017534819,1.328036,0.00030746986,25514,0.022734778933227
241,20170415,20170422,2017,4,15,2017,4,22,0.05443442,0.05314994,0.052376207,0.012419693,1.2399168,0.00015424877,26064,0.0163130890578031
242,20170423,20170430,2017,4,23,2017,4,30,0.05675406,0.055140752,0.053298954,0.014317715,1.2660788,0.00020499696,23837,0.0174205005168914
243,20170501,20170508,2017,5,1,2017,5,8,0.05179547,0.04975981,0.04945586,0.014965666,1.3285341,0.00022397116,21251,0.0172345284372568
244,20170509,20170516,2017,5,9,2017,5,16,0.051186487,0.048854932,0.04861551,0.01626877,1.3544453,0.00026467282,20469,0.0185555592179298
245,20170517,20170524,2017,5,17,2017,5,24,0.051788483,0.048004698,0.047146946,0.02030107,1.4798142,0.00041213344,17380,0.0315001374110579
246,20170525,20170601,2017,5,25,2017,6,1,0.052327976,0.0503789,0.05161887,0.014206309,1.3230178,0.00020181922,18200,0.0211800327524542
247,20170602,20170609,2017,6,2,2017,6,9,0.049287472,0.04767573,0.047984093,0.01475175,1.2833824,0.00021761413,14456,0.0121035566553473
248,20170610,20170617,2017,6,10,2017,6,17,0.053388655,0.04944522,0.048882738,0.028275082,1.4365522,0.00079948024,19235,0.0196368005126714
249,20170618,20170625,2017,6,18,2017,6,25,0.06857603,0.06172505,0.055543184,0.0415486,1.5172473,0.001726286,5199,0.0298304632306098
250,20170626,20170703,2017,6,26,2017,7,3,0.059859514,0.058985375,0.058044963,0.01113657,1.1835364,0.0001240232,17402,0.0071177221834659
251,20170704,20170711,2017,7,4,2017,7,11,0.061623264,0.059346378,0.057038024,0.021507561,1.2848138,0.00046257518,23268,0.0100572081282734
252,20170712,20170719,2017,7,12,2017,7,19,0.06143005,0.055969045,0.051717293,0.036001664,1.4628206,0.0012961199,14922,0.0125074768438935
253,20170720,20170727,2017,7,20,2017,7,27,0.048287585,0.042595647,0.041920144,0.03211199,1.5743747,0.00103118,11841,0.0163045935332775
254,20170728,20170804,2017,7,28,2017,8,4,0.060700778,0.058143593,0.055891514,0.020325003,1.323387,0.00041310576,15007,0.0127223283052444
255,20170805,20170812,2017,8,5,2017,8,12,0.045518167,0.044216946,0.045397226,0.0105750775,1.2809198,0.00011183227,9287,0.0122654791921377
256,20170813,20170820,2017,8,13,2017,8,20,0.05363628,0.050065916,0.05019552,0.022166604,1.4352002,0.00049135834,14023,0.017636289820075
257,20170821,20170828,2017,8,21,2017,8,28,0.06547956,0.061549835,0.058629744,0.028327119,1.3834811,0.00080242567,15561,0.0131304524838924
258,20170829,20170905,2017,8,29,2017,9,5,0.07195432,0.066282585,0.06467721,0.032350745,1.4816694,0.0010465706,18632,0.0248711248859763
259,20170906,20170913,2017,9,6,2017,9,13,0.06313692,0.060840867,0.057361767,0.020238904,1.2883395,0.00040961325,25975,0.0131714958697557
260,20170914,20170921,2017,9,14,2017,9,21,0.05822947,0.055711247,0.05451305,0.018871782,1.3369505,0.00035614416,23106,0.0167235266417264
261,20170922,20170929,2017,9,22,2017,9,29,0.064779416,0.06246527,0.05890709,0.020362023,1.2880175,0.00041461198,25844,0.0128172812983393
262,20170930,20171007,2017,9,30,2017,10,7,0.08174758,0.07923427,0.074346095,0.023377476,1.2654892,0.0005465064,25550,0.0140079483389854
263,20171008,20171015,2017,10,8,2017,10,15,0.09500682,0.08875032,0.08244914,0.037494574,1.4330288,0.001405843,13563,0.0399738363921642
264,20171016,20171023,2017,10,16,2017,10,23,0.093038045,0.088256106,0.08297684,0.033247475,1.3662122,0.0011053944,21881,0.0318721979856491
265,20171024,20171031,2017,10,24,2017,10,31,0.07993917,0.075041085,0.0717038,0.030770369,1.4161369,0.0009468156,19921,0.0242329984903335
266,20171101,20171108,2017,11,1,2017,11,8,0.082737565,0.07840265,0.076076135,0.028938537,1.3802887,0.0008374389,21973,0.0269297063350677
267,20171109,20171116,2017,11,9,2017,11,16,0.088560104,0.08439124,0.080601014,0.03136624,1.3422774,0.000983841,24819,0.0272688418626785
268,20171117,20171124,2017,11,17,2017,11,24,0.085678436,0.08322165,0.079520434,0.022518314,1.2620454,0.00050707447,25965,0.019765667617321
269,20171125,20171202,2017,11,25,2017,12,2,0.07933533,0.07676214,0.074076734,0.022270344,1.2821759,0.0004959682,23065,0.02122563123703
270,20171203,20171210,2017,12,3,2017,12,10,0.12262291,0.119327515,0.11637533,0.030317917,1.2572899,0.00091917615,25869,0.0265294685959815
271,20171211,20171218,2017,12,11,2017,12,18,0.11756244,0.114320904,0.11114474,0.030221695,1.2562364,0.00091335084,26064,0.0307364538311958
272,20171219,20171226,2017,12,19,2017,12,26,0.11541287,0.11177103,0.11066326,0.030952353,1.2847369,0.00095804816,22883,0.028673693537712
273,20171227,20171231,2017,12,27,2017,12,31,0.11252407,0.10758636,0.108642355,0.035340443,1.3455286,0.001248947,17083,0.0398859083652496
274,20180101,20180108,2018,1,1,2018,1,8,0.10143922,0.09939559,0.09828031,0.021029418,1.222285,0.0004422364,23800,0.0219432357698678
275,20180109,20180116,2018,1,9,2018,1,16,0.11269238,0.109083,0.107062444,0.03055465,1.2847403,0.0009335867,22591,0.0268225632607936
276,20180117,20180124,2018,1,17,2018,1,24,0.10357324,0.098992735,0.09967111,0.03255547,1.3492815,0.0010598585,24284,0.0328141767531633
277,20180125,20180201,2018,1,25,2018,2,1,0.108120814,0.10583521,0.10043508,0.02485317,1.217901,0.0006176801,26055,0.0223590768873691
278,20180202,20180209,2018,2,2,2018,2,9,0.08708003,0.08481691,0.08282907,0.021309191,1.2512754,0.00045408163,24810,0.0217094998806715
279,20180210,20180217,2018,2,10,2018,2,17,0.085762985,0.083451174,0.07968052,0.021338604,1.2570765,0.000455336,25963,0.0224234461784362
280,20180226,20180305,2018,2,26,2018,3,5,0.09888527,0.096512906,0.09307765,0.02385677,1.236595,0.0005691455,25539,0.0196286849677562
281,20180306,20180313,2018,3,6,2018,3,13,0.08653946,0.08336254,0.083263025,0.025205482,1.3085581,0.0006353163,6832,0.0306648891419172
282,20180314,20180321,2018,3,14,2018,3,21,0.075411275,0.073434666,0.0713184,0.019256767,1.2484658,0.00037082308,23057,0.0175595134496688
283,20180322,20180329,2018,3,22,2018,3,29,0.069388695,0.06649369,0.06533762,0.022683898,1.3276706,0.0005145592,23563,0.0214733108878135
284,20180330,20180406,2018,3,30,2018,4,6,0.069493994,0.06787373,0.06506914,0.017183855,1.2289444,0.0002952849,24789,0.0159082747995853
285,20180407,20180414,2018,4,7,2018,4,14,0.064879276,0.062463097,0.059778243,0.02196862,1.2902874,0.0004826203,25660,0.0165334623306989
286,20180415,20180422,2018,4,15,2018,4,22,0.059869565,0.057105448,0.05561727,0.022155305,1.3361953,0.0004908575,19689,0.0161870345473289
287,20180423,20180430,2018,4,23,2018,4,30,0.05781951,0.056420885,0.055911858,0.013650211,1.243849,0.00018632825,21426,0.0128680802881717
288,20180501,20180508,2018,5,1,2018,5,8,0.058417052,0.05629433,0.05442504,0.017303677,1.3036778,0.00029941727,20742,0.0157312043011188
289,20180509,20180516,2018,5,9,2018,5,16,0.058284666,0.05623285,0.054502647,0.018498207,1.2881899,0.00034218366,23751,0.0138312485069036
290,20180517,20180524,2018,5,17,2018,5,24,0.053348675,0.05152808,0.0515541,0.016436478,1.286846,0.0002701578,21364,0.013494674116373
291,20180525,20180601,2018,5,25,2018,6,1,0.05359645,0.051723562,0.050838206,0.017107854,1.2887483,0.00029267863,19966,0.0122966784983873
292,20180602,20180609,2018,6,2,2018,6,9,0.059746463,0.0536991,0.051719427,0.0373885,1.5158695,0.0013978999,5006,0.0271535469219088
293,20180610,20180617,2018,6,10,2018,6,17,0.06093308,0.059229355,0.061501525,0.014732814,1.2738119,0.00021705583,17798,0.0114418426528573
294,20180618,20180625,2018,6,18,2018,6,25,0.04553548,0.043199543,0.04594411,0.013667831,1.416904,0.0001868096,3616,0.014216860756278
295,20180626,20180703,2018,6,26,2018,7,3,0.046996694,0.045659967,0.04876745,0.011423941,1.2838962,0.00013050642,8076,0.0085153924301266
296,20180704,20180711,2018,7,4,2018,7,11,0.068069376,0.06512294,0.060061865,0.025403513,1.3068483,0.0006453385,26027,0.0092216711491346
297,20180712,20180719,2018,7,12,2018,7,19,0.04221092,0.040750735,0.042100478,0.010752649,1.3154894,0.00011561947,8301,0.0147125385701656
298,20180720,20180727,2018,7,20,2018,7,27,0.06432361,0.059590228,0.058037493,0.029435223,1.4498512,0.0008664324,16783,0.0155103914439678
299,20180728,20180804,2018,7,28,2018,8,4,0.06145946,0.051970553,0.050394714,0.037520368,1.7867421,0.001407778,2192,0.0379746090620756
300,20180805,20180812,2018,8,5,2018,8,12,0.076306656,0.07261203,0.06607153,0.02948105,1.3342335,0.0008691323,24861,0.0115585401654243
301,20180813,20180820,2018,8,13,2018,8,20,0.056080855,0.053527478,0.054185215,0.023622608,1.3301963,0.0005580276,9699,0.0098417997360229
302,20180821,20180828,2018,8,21,2018,8,28,0.05752728,0.054480217,0.060425628,0.017053109,1.4259835,0.00029080853,5745,0.0209508016705513
303,20180829,20180905,2018,8,29,2018,9,5,0.089628115,0.077371664,0.06838622,0.070679836,1.6177999,0.004995639,13221,0.0368486493825912
304,20180906,20180913,2018,9,6,2018,9,13,0.08175965,0.07456412,0.06962218,0.0396417,1.5141504,0.0015714644,15053,0.03540975227952
305,20180914,20180921,2018,9,14,2018,9,21,0.068414114,0.06330286,0.05857385,0.03247703,1.4442737,0.0010547575,24282,0.0224156603217124
306,20180922,20180929,2018,9,22,2018,9,29,0.061189152,0.05765714,0.055873238,0.02300905,1.3990526,0.0005294164,18800,0.0182363297790288
307,20180930,20181007,2018,9,30,2018,10,7,0.06928466,0.06532802,0.058819957,0.026800297,1.3866537,0.00071825593,26040,0.0315677495673298
308,20181008,20181015,2018,10,8,2018,10,15,0.071682185,0.06694855,0.06372268,0.030854097,1.4229125,0.0009519753,24897,0.0253195464611053
309,20181016,20181023,2018,10,16,2018,10,23,0.07898598,0.0739922,0.0662107,0.033065654,1.406358,0.0010933374,25875,0.0327044650912284
310,20181024,20181031,2018,10,24,2018,10,31,0.0884553,0.07933548,0.07623814,0.044577725,1.581867,0.0019871735,21890,0.0493115503340959
311,20181109,20181116,2018,11,9,2018,11,16,0.11518075,0.10996913,0.10639278,0.038179956,1.3430465,0.001457709,24231,0.0362001284956932
312,20181117,20181124,2018,11,17,2018,11,24,0.088772185,0.08478129,0.07702587,0.030395923,1.3328876,0.0009239121,26024,0.0263677518814802
313,20181125,20181202,2018,11,25,2018,12,2,0.08941966,0.084660955,0.07915087,0.03259864,1.3748537,0.0010626713,24173,0.0267295986413955
314,20181203,20181210,2018,12,3,2018,12,10,0.100036144,0.096392736,0.08894472,0.029736364,1.299586,0.0008842513,25952,0.030769970268011
315,20181211,20181218,2018,12,11,2018,12,18,0.10887903,0.10509765,0.09823339,0.031831257,1.29024,0.0010132289,25930,0.0280441809445619
316,20181219,20181226,2018,12,19,2018,12,26,0.10599506,0.09997568,0.09640849,0.037004218,1.4087197,0.001369312,22266,0.047169629484415
317,20181227,20181231,2018,12,27,2018,12,31,0.12417708,0.112259,0.118179314,0.05474898,1.5786525,0.0029974505,16433,0.0929818972945213
318,20190101,20190108,2019,1,1,2019,1,8,0.13007231,0.12655598,0.1171228,0.033285264,1.2521572,0.0011079088,26059,0.0309022478759288
319,20190109,20190116,2019,1,9,2019,1,16,0.1124597,0.1089207,0.10166185,0.03125991,1.2752727,0.0009771818,24309,0.027020163834095
320,20190117,20190124,2019,1,17,2019,1,24,0.113335334,0.10920644,0.10318207,0.033176336,1.3027847,0.0011006694,23518,0.0344115439802408
321,20190125,20190201,2019,1,25,2019,2,1,0.11883348,0.11617914,0.11026945,0.026802504,1.2297618,0.0007183742,25998,0.0289996936917305
322,20190202,20190209,2019,2,2,2019,2,9,0.096152015,0.091966085,0.086466536,0.030163154,1.3401933,0.0009098159,24254,0.0339445024728775
323,20190210,20190217,2019,2,10,2019,2,17,0.10617027,0.09969222,0.09697685,0.039113343,1.4236668,0.0015298534,12324,0.0417267046868801
324,20190218,20190225,2019,2,18,2019,2,25,0.10906286,0.10270187,0.101692505,0.03953832,1.4110107,0.0015632788,22551,0.0431483127176761
325,20190226,20190305,2019,2,26,2019,3,5,0.10537723,0.101799294,0.096384265,0.02959107,1.2912847,0.0008756314,25448,0.032466834411025
326,20190306,20190313,2019,3,6,2019,3,13,0.0793743,0.07596896,0.071453705,0.025355637,1.3340714,0.00064290833,25616,0.0279770344495773
327,20190314,20190321,2019,3,14,2019,3,21,0.081631,0.07825594,0.07227481,0.025812536,1.3236753,0.00066628703,26050,0.029370192438364
328,20190322,20190329,2019,3,22,2019,3,29,0.061833706,0.05914882,0.0554911,0.019838203,1.3348587,0.00039355428,25783,0.0243094936013221
329,20190330,20190406,2019,3,30,2019,4,6,0.057300676,0.05477045,0.05170446,0.019139158,1.333526,0.0003663074,25827,0.0214897636324167
330,20190407,20190414,2019,4,7,2019,4,14,0.060067117,0.056808833,0.055629328,0.02113816,1.3937038,0.00044682182,16989,0.0231335945427417
331,20190415,20190422,2019,4,15,2019,4,22,0.048041236,0.04433839,0.04308536,0.021152101,1.4773079,0.00044741138,15126,0.0176717499271035
332,20190423,20190430,2019,4,23,2019,4,30,0.054309156,0.05237364,0.052100137,0.01539795,1.3037175,0.00023709686,23107,0.0195591878145933
333,20190501,20190508,2019,5,1,2019,5,8,0.055190902,0.05309077,0.051408995,0.016450947,1.3134,0.00027063367,24132,0.0162689676508307
334,20190509,20190516,2019,5,9,2019,5,16,0.049051203,0.04755495,0.046732057,0.012775812,1.2790511,0.00016322138,21613,0.0139837525784969
335,20190517,20190524,2019,5,17,2019,5,24,0.048305713,0.047237586,0.046406876,0.010456816,1.2338594,0.00010934501,23711,0.0133940428495407
336,20190525,20190601,2019,5,25,2019,6,1,0.05218045,0.049687125,0.050916508,0.015937576,1.3795568,0.00025400633,14988,0.0202075652778148
337,20190602,20190609,2019,6,2,2019,6,9,0.05469408,0.050164174,0.05206424,0.022393038,1.5347393,0.0005014482,13092,0.0284774387255311
338,20190610,20190617,2019,6,10,2019,6,17,0.03900482,0.033194307,0.036751088,0.022340905,1.804415,0.000499116,589,0.0260155797004699
339,20190618,20190625,2019,6,18,2019,6,25,0.036576252,0.03522798,0.03539524,0.009989707,1.319896,9.979424e-05,9087,0.0136158363893628
340,20190626,20190703,2019,6,26,2019,7,3,0.058693007,0.05771409,0.058229085,0.010500273,1.2066668,0.00011025572,20333,0.0114742442965507
341,20190704,20190711,2019,7,4,2019,7,11,0.0476137,0.04587447,0.050282087,0.012195789,1.32659,0.00014873728,3445,0.0202168934047222
342,20190712,20190719,2019,7,12,2019,7,19,0.060102277,0.059002154,0.059518844,0.010374662,1.232001,0.0001076336,18225,0.0090046301484107
343,20190720,20190727,2019,7,20,2019,7,27,0.05586415,0.054311406,0.056093164,0.012871288,1.275445,0.00016567005,16816,0.016416436061263
344,20190728,20190804,2019,7,28,2019,8,4,0.063520975,0.05998535,0.059897903,0.022321384,1.4027838,0.0004982442,8484,0.018463909626007
345,20190805,20190812,2019,8,5,2019,8,12,0.058997825,0.05654001,0.05441806,0.019034343,1.3256024,0.00036230622,21509,0.0151655562222003
346,20190813,20190820,2019,8,13,2019,8,20,0.060179673,0.054088566,0.055307157,0.028532587,1.6070441,0.00081410847,6342,0.0280446531251072
347,20190821,20190828,2019,8,21,2019,8,28,0.05635921,0.0545682,0.053598907,0.017295333,1.2733645,0.0002991285,24205,0.0136567652225494
348,20190829,20190905,2019,8,29,2019,9,5,0.055428907,0.053907648,0.05344777,0.013887646,1.2612609,0.0001928667,25518,0.0128265507519245
349,20190906,20190913,2019,9,6,2019,9,13,0.05337795,0.05183216,0.051103525,0.014615879,1.2611555,0.00021362393,25683,0.0126580763608217
350,20190914,20190921,2019,9,14,2019,9,21,0.05527601,0.05350574,0.052303202,0.016203078,1.2763478,0.00026253975,25878,0.0130932377651333
351,20190922,20190929,2019,9,22,2019,9,29,0.05875187,0.05580686,0.05398023,0.023275904,1.347798,0.0005417677,22308,0.0188362970948219
352,20190930,20191007,2019,9,30,2019,10,7,0.06909641,0.06565629,0.06556504,0.027576022,1.3466738,0.000760437,25133,0.0187816508114337
353,20191008,20191015,2019,10,8,2019,10,15,0.07178725,0.06766302,0.06688095,0.02874596,1.3873562,0.0008263302,21602,0.025053484365344
354,20191016,20191023,2019,10,16,2019,10,23,0.07391225,0.070107244,0.06833489,0.029182678,1.3522377,0.00085162866,25739,0.0207290705293416
355,20191024,20191031,2019,10,24,2019,10,31,0.07959588,0.075883515,0.07253568,0.028765654,1.3364686,0.0008274628,24184,0.0210660919547081
356,20191101,20191108,2019,11,1,2019,11,8,0.07563853,0.07228578,0.07060648,0.025243783,1.3399534,0.0006372486,25088,0.0247205672785639
357,20191109,20191116,2019,11,9,2019,11,16,0.06773355,0.065300755,0.0643968,0.019128932,1.3079946,0.00036591606,22011,0.0200044568628072
358,20191117,20191124,2019,11,17,2019,11,24,0.08343769,0.07815476,0.075664744,0.032509778,1.4258553,0.0010568856,22589,0.0378687418997287
359,20191125,20191202,2019,11,25,2019,12,2,0.099504985,0.0941426,0.094124705,0.03724313,1.3798554,0.001387051,24880,0.0345899928361177
360,20191203,20191210,2019,12,3,2019,12,10,0.10654467,0.10338102,0.10215722,0.02810811,1.2709854,0.00079006585,25112,0.0272112507373094
361,20191211,20191218,2019,12,11,2019,12,18,0.10093332,0.096245185,0.09392818,0.0335796,1.3529271,0.0011275895,23001,0.0258683413267135
362,20191219,20191226,2019,12,19,2019,12,26,0.10690541,0.10403649,0.101404525,0.02745998,1.2535115,0.00075405056,24893,0.0208727940917015
363,20191227,20191231,2019,12,27,2019,12,31,0.11796819,0.1115395,0.10932142,0.04572645,1.3783188,0.0020909081,17699,0.0329160951077938
364,20200101,20200108,2020,1,1,2020,1,8,0.12930764,0.12542307,0.12141616,0.036771953,1.2668892,0.0013521765,25009,0.0200854390859603
365,20200109,20200116,2020,1,9,2020,1,16,0.108218685,0.10186512,0.102002986,0.04125364,1.4052699,0.001701863,17443,0.0384850725531578
366,20200117,20200124,2020,1,17,2020,1,24,0.124399,0.11997577,0.12212356,0.033031862,1.3165438,0.0010911039,17535,0.0356181897222995
367,20200125,20200201,2020,1,25,2020,2,1,0.123613164,0.12054623,0.11779998,0.028599441,1.2519739,0.000817928,25722,0.0222286507487297
368,20200202,20200209,2020,2,2,2020,2,9,0.12589648,0.114998706,0.12026471,0.051064048,1.5588369,0.002607537,16151,0.0603933036327362
369,20200210,20200217,2020,2,10,2020,2,17,0.13755888,0.13427444,0.12838823,0.03273651,1.2371203,0.001071679,25822,0.023938363417983
370,20200218,20200225,2020,2,18,2020,2,25,0.116675034,0.113323376,0.10643965,0.030856004,1.2613508,0.00095209293,25611,0.0282030366361141
371,20200226,20200304,2020,2,26,2020,3,4,0.1145989,0.10873831,0.10235745,0.03906545,1.3760514,0.0015261095,21284,0.047900041565299
372,20200305,20200312,2020,3,5,2020,3,12,0.0871746,0.08328576,0.07913162,0.028184991,1.3429272,0.00079439377,25604,0.0315748061984777
373,20200313,20200320,2020,3,13,2020,3,20,0.08124637,0.077635825,0.075762406,0.025282396,1.3484153,0.00063919957,25605,0.0341272428631782
374,20200321,20200328,2020,3,21,2020,3,28,0.07259123,0.06988727,0.067615256,0.02044987,1.3154603,0.0004181972,24542,0.0273161195218563
375,20200329,20200405,2020,3,29,2020,4,5,0.081253104,0.0760057,0.08478459,0.027607169,1.4658575,0.0007621558,12479,0.0435107704252004
376,20200406,20200413,2020,4,6,2020,4,13,0.06538841,0.06254454,0.05964131,0.020171206,1.3433712,0.00040687755,24359,0.0283349696546793
377,20200414,20200421,2020,4,14,2020,4,21,0.053276643,0.051753275,0.052870993,0.012526136,1.2793021,0.00015690409,11882,0.0145403509959578
378,20200422,20200429,2020,4,22,2020,4,29,0.06467796,0.061270844,0.057804517,0.02231598,1.3814058,0.00049800304,23084,0.0330429458990693
379,20200430,20200507,2020,4,30,2020,5,7,0.057774864,0.05561406,0.052478213,0.016912222,1.3105141,0.00028602328,25195,0.0207905862480402
380,20200508,20200515,2020,5,8,2020,5,15,0.055017505,0.05261014,0.049887974,0.01759252,1.3383632,0.0003094967,25313,0.0227168463170528
381,20200516,20200523,2020,5,16,2020,5,23,0.05187017,0.04985992,0.04905892,0.015246767,1.3202647,0.0002324639,23443,0.0177930481731891
382,20200524,20200531,2020,5,24,2020,5,31,0.060088765,0.058015365,0.05777961,0.016460005,1.3012255,0.00027093178,25101,0.0196890644729137
383,20200601,20200608,2020,6,1,2020,6,8,0.05624872,0.053458698,0.052473452,0.018110933,1.3765756,0.00032800587,15539,0.0260322019457817
384,20200609,20200616,2020,6,9,2020,6,16,0.06598236,0.063347064,0.061717164,0.019854767,1.3258163,0.0003942118,25391,0.0220706816762685
385,20200617,20200624,2020,6,17,2020,6,24,0.056041576,0.054277547,0.05363378,0.014562349,1.2858901,0.00021206199,10659,0.0176922939717769
386,20200625,20200702,2020,6,25,2020,7,2,0.039099295,0.03574759,0.03627687,0.015844248,1.5523887,0.00025104018,3114,0.0253912950865924
387,20200703,20200710,2020,7,3,2020,7,10,0.06900719,0.067045376,0.06676636,0.016402539,1.2753885,0.0002690433,17449,0.0214969404041767
388,20200711,20200718,2020,7,11,2020,7,18,0.0523793,0.049976923,0.054501317,0.014989252,1.3768045,0.00022467769,15622,0.0229638591408729
389,20200719,20200726,2020,7,19,2020,7,26,0.04287261,0.039863095,0.039085414,0.016531179,1.4703604,0.00027327987,8411,0.0189037770032882
390,20200727,20200803,2020,7,27,2020,8,3,0.062147804,0.060146485,0.06032543,0.015524545,1.2980858,0.00024101148,15078,0.021396892145276
391,20200804,20200811,2020,8,4,2020,8,11,0.05106127,0.049080625,0.0493987,0.014118781,1.332802,0.00019934,12350,0.0166874220594763
392,20200812,20200819,2020,8,12,2020,8,19,0.064616814,0.06285623,0.064456545,0.014398386,1.275491,0.00020731353,23652,0.0187443010509014
393,20200820,20200827,2020,8,20,2020,8,27,0.05543128,0.054028418,0.054650545,0.012225883,1.2597154,0.00014947222,9564,0.0163223203271627
394,20200828,20200904,2020,8,28,2020,9,4,0.04785742,0.04611621,0.04666872,0.013181894,1.315805,0.00017376234,12270,0.0153241893276572
395,20200905,20200912,2020,9,5,2020,9,12,0.073602974,0.07252206,0.07286922,0.013439949,1.1846757,0.00018063223,23131,0.015609748661518
396,20200913,20200920,2020,9,13,2020,9,20,0.084780246,0.082370445,0.08440347,0.020831177,1.2703441,0.0004339379,25221,0.026866003870964
397,20200921,20200928,2020,9,21,2020,9,28,0.07629354,0.07185219,0.074686736,0.025967378,1.4276959,0.0006743047,17914,0.0314945485442876
398,20200929,20201006,2020,9,29,2020,10,6,0.08031291,0.07793989,0.07601498,0.020929903,1.2719191,0.00043806082,24436,0.0210309475660324
399,20201007,20201014,2020,10,7,2020,10,14,0.08056069,0.078509964,0.07904059,0.01877357,1.2548741,0.00035244698,25757,0.0187832862138748
400,20201015,20201022,2020,10,15,2020,10,22,0.07899987,0.07743258,0.07728876,0.016498452,1.2185076,0.0002721989,25446,0.0182755719870328
401,20201023,20201030,2020,10,23,2020,10,30,0.09856759,0.09583516,0.093510404,0.024597054,1.2629225,0.0006050151,25543,0.0279954560101032
402,20201031,20201107,2020,10,31,2020,11,7,0.09417624,0.09181266,0.09004469,0.02195128,1.250849,0.00048185873,25292,0.0247763656079769
403,20201108,20201115,2020,11,8,2020,11,15,0.10538079,0.10202256,0.09938498,0.030050755,1.2766867,0.00090304785,26046,0.0300471670925617
404,20201116,20201123,2020,11,16,2020,11,23,0.11135823,0.1077802,0.104520395,0.030916113,1.2819189,0.0009558061,25909,0.0339637100696563
405,20201124,20201201,2020,11,24,2020,12,1,0.11905425,0.11450149,0.11849308,0.034900684,1.3239564,0.0012180577,25434,0.0335554089397192
406,20201202,20201209,2020,12,2,2020,12,9,0.12562013,0.12314051,0.118506946,0.028229043,1.2092626,0.0007968788,26062,0.0267150830477476
407,20201210,20201217,2020,12,10,2020,12,17,0.12838757,0.12520699,0.12462872,0.030192086,1.2491015,0.0009115621,25698,0.0299790017306804
408,20201218,20201225,2020,12,18,2020,12,25,0.13381873,0.12867798,0.12608062,0.041468002,1.3128424,0.0017195953,25163,0.0364345535635948
409,20201226,20201231,2020,12,26,2020,12,31,0.12678619,0.12308605,0.12136867,0.033632543,1.2673217,0.0011311478,25709,0.0295591577887535
410,20210101,20210108,2021,1,1,2021,1,8,0.14367911,0.1379238,0.13749963,0.04606823,1.3203163,0.0021222816,24037,0.0391669273376464
411,20210109,20210116,2021,1,9,2021,1,16,0.13967168,0.1358544,0.12877285,0.038549386,1.2485027,0.0014860552,25380,0.0293882712721824
412,20210117,20210124,2021,1,17,2021,1,24,0.13592874,0.13263674,0.124143615,0.03488051,1.231464,0.0012166501,26064,0.0268006566911935
413,20210125,20210201,2021,1,25,2021,2,1,0.13240959,0.1273144,0.11771924,0.044164706,1.2986958,0.0019505214,25997,0.0377095267176628
414,20210202,20210209,2021,2,2,2021,2,9,0.12420666,0.1180657,0.10685787,0.050963014,1.3354374,0.0025972289,19077,0.0385895520448684
415,20210210,20210217,2021,2,10,2021,2,17,0.11868492,0.11086877,0.108676165,0.055236302,1.4140958,0.003051049,24983,0.0455486699938774
416,20210218,20210225,2021,2,18,2021,2,25,0.13010956,0.12320556,0.11546782,0.05959998,1.3366486,0.0035521577,26064,0.035306666046381
417,20210226,20210305,2021,2,26,2021,3,5,0.122244425,0.11474397,0.1065851,0.058402017,1.3724462,0.0034107957,25635,0.0314896255731582
418,20210306,20210313,2021,3,6,2021,3,13,0.11049811,0.105240926,0.09750436,0.04255614,1.3304889,0.0018110251,25974,0.0290599185973405
419,20210314,20210321,2021,3,14,2021,3,21,0.10215429,0.095361784,0.089175165,0.04486817,1.4176725,0.002013153,20716,0.0376398600637912
420,20210322,20210329,2021,3,22,2021,3,29,0.11397805,0.10546536,0.09844268,0.05596238,1.4423205,0.003131788,22637,0.0342761874198913
421,20210330,20210406,2021,3,30,2021,4,6,0.09387043,0.08616815,0.08145517,0.051797338,1.4517279,0.0026829643,17478,0.0285143963992595
422,20210407,20210414,2021,4,7,2021,4,14,0.085100606,0.08197017,0.07778565,0.032454457,1.275305,0.0010532918,23724,0.0163559764623641
423,20210415,20210422,2021,4,15,2021,4,22,0.07602991,0.07224846,0.066837,0.031783804,1.3357791,0.0010102101,23371,0.0223987232893705
424,20210423,20210430,2021,4,23,2021,4,30,0.07978631,0.07442103,0.06808917,0.042196184,1.3803385,0.001780518,26024,0.0199136976152658
425,20210501,20210508,2021,5,1,2021,5,8,0.091510214,0.072312064,0.06607237,0.08468886,1.8429329,0.0071722027,10650,0.0426914617419242
426,20210509,20210516,2021,5,9,2021,5,16,0.04819864,0.043667987,0.04788443,0.024907116,1.5478423,0.00062036444,705,0.0270879808813333
427,20210517,20210524,2021,5,17,2021,5,24,0.08274622,0.07272045,0.06662296,0.058581024,1.5749124,0.0034317365,14375,0.0310480874031782
428,20210525,20210601,2021,5,25,2021,6,1,0.09496958,0.08011665,0.07392138,0.07087991,1.7009308,0.0050239614,10323,0.0352840647101402
429,20210602,20210609,2021,6,2,2021,6,9,0.07723297,0.071618035,0.0665238,0.036301147,1.4368782,0.0013177734,19826,0.0203566364943981
430,20210610,20210617,2021,6,10,2021,6,17,0.071659625,0.0676255,0.061729982,0.03152847,1.360464,0.0009940445,22819,0.0208530686795711
431,20210618,20210625,2021,6,18,2021,6,25,0.048691113,0.046227846,0.04547282,0.016555827,1.3759351,0.00027409542,10829,0.0176605954766273
432,20210626,20210703,2021,6,26,2021,7,3,0.041946918,0.037209902,0.03872933,0.018510278,1.6898942,0.00034263037,1021,0.031119380146265
433,20210704,20210711,2021,7,4,2021,7,11,0.05852105,0.054574747,0.06107348,0.020510117,1.4798278,0.00042066484,7818,0.0303781051188707
434,20210712,20210719,2021,7,12,2021,7,19,0.061430816,0.05767405,0.056231607,0.021899167,1.4342853,0.00047957353,9770,0.0266846995800733
435,20210720,20210727,2021,7,20,2021,7,27,0.05807507,0.051213767,0.04991836,0.04410756,1.5471272,0.0019454767,13350,0.0229840688407421
436,20210728,20210804,2021,7,28,2021,8,4,0.07384942,0.06822862,0.0646535,0.034986284,1.4478024,0.0012240402,23440,0.0220399806275963
437,20210805,20210812,2021,8,5,2021,8,12,0.054392394,0.046250496,0.0401037,0.03462451,1.729716,0.0011988566,3964,0.0367518905550241
438,20210813,20210820,2021,8,13,2021,8,20,0.06450924,0.05824432,0.053818256,0.034043964,1.5292788,0.0011589914,8653,0.0226921737194061
439,20210821,20210828,2021,8,21,2021,8,28,0.065368295,0.062151745,0.06704764,0.020333309,1.3877113,0.00041344346,8070,0.023458419367671
440,20210829,20210905,2021,8,29,2021,9,5,0.06466943,0.062223583,0.064113766,0.020279976,1.3095021,0.00041127737,12240,0.0205244058743119
441,20210906,20210913,2021,9,6,2021,9,13,0.07428291,0.07088817,0.06715511,0.027389292,1.3269626,0.0007501733,24614,0.0141724273562431
442,20210914,20210921,2021,9,14,2021,9,21,0.071906775,0.06841044,0.071364805,0.023008687,1.3802291,0.0005293997,15710,0.0196622163057327
443,20210922,20210929,2021,9,22,2021,9,29,0.07535777,0.07097937,0.066836834,0.03005186,1.3870194,0.0009031142,23464,0.0219670291990041
444,20210930,20211007,2021,9,30,2021,10,7,0.07525964,0.07238042,0.0701742,0.024530152,1.3004154,0.00060172833,25376,0.0154973622411489
445,20211008,20211015,2021,10,8,2021,10,15,0.084396526,0.078846246,0.07516839,0.03683236,1.4142251,0.0013566227,20411,0.0260052531957626
446,20211016,20211023,2021,10,16,2021,10,23,0.08622363,0.08271602,0.0790946,0.029505566,1.3090537,0.0008705784,25906,0.017561737447977
447,20211024,20211031,2021,10,24,2021,10,31,0.08612572,0.08118392,0.07906829,0.035887178,1.379706,0.0012878897,25627,0.0238004140555858
448,20211101,20211108,2021,11,1,2021,11,8,0.09284595,0.08182911,0.08065685,0.05870487,1.6024624,0.0034462619,21293,0.0430927537381649
449,20211109,20211116,2021,11,9,2021,11,16,0.10556823,0.098211706,0.09544061,0.04781045,1.4370338,0.0022858393,23245,0.0295690223574638
450,20211117,20211124,2021,11,17,2021,11,24,0.100413986,0.09020373,0.08954929,0.053570814,1.5682415,0.002869832,17389,0.0483478531241416
451,20211125,20211202,2021,11,25,2021,12,2,0.110333174,0.10562631,0.09582387,0.0382878,1.3171519,0.0014659556,26064,0.0346145294606685
452,20211203,20211210,2021,12,3,2021,12,10,0.08908516,0.08496539,0.082470246,0.029767504,1.3520454,0.00088610424,22355,0.0266688466072082
453,20211211,20211218,2021,12,11,2021,12,18,0.10840717,0.10187456,0.094404146,0.041739654,1.4078072,0.0017421987,24268,0.0529190339148044
454,20211219,20211226,2021,12,19,2021,12,26,0.13330993,0.12783238,0.12922153,0.039366633,1.3390241,0.0015497318,13476,0.0411028526723384
455,20211227,20211231,2021,12,27,2021,12,31,0.10293598,0.09951065,0.09548897,0.028710209,1.2894291,0.0008242761,25299,0.0324445962905883
456,20220101,20220108,2022,1,1,2022,1,8,0.10830451,0.10027844,0.09622173,0.044726133,1.4762788,0.0020004269,16712,0.0597339533269405
457,20220109,20220116,2022,1,9,2022,1,16,0.11950335,0.11501799,0.11458929,0.033306185,1.3198304,0.001109302,24628,0.0525973998010158
458,20220117,20220124,2022,1,17,2022,1,24,0.1162124,0.11263922,0.11353257,0.02980608,1.2830566,0.0008884024,24060,0.0404186844825744
459,20220125,20220201,2022,1,25,2022,2,1,0.10582567,0.10336272,0.101936035,0.024497647,1.2370118,0.0006001347,25745,0.0314700677990913
460,20220202,20220209,2022,2,2,2022,2,9,0.10616888,0.103072256,0.1029612,0.027249321,1.2716893,0.00074252556,25640,0.0354908090084791
461,20220210,20220217,2022,2,10,2022,2,17,0.094173074,0.09217207,0.09160834,0.02063802,1.2251139,0.00042592792,26050,0.0284251030534505
462,20220218,20220225,2022,2,18,2022,2,25,0.076107845,0.07070987,0.07082748,0.030919332,1.4642911,0.00095600507,17933,0.0329627431929111
463,20220226,20220305,2022,2,26,2022,3,5,0.09661015,0.09360297,0.09373804,0.02735404,1.2727548,0.0007482434,26013,0.0286280736327171
464,20220306,20220313,2022,3,6,2022,3,13,0.09794244,0.0941741,0.09271672,0.03315788,1.2978132,0.001099445,25164,0.0248174984008073
465,20220314,20220321,2022,3,14,2022,3,21,0.08982822,0.084867194,0.084096864,0.03784684,1.363446,0.0014323834,25092,0.0300079844892025
466,20220322,20220329,2022,3,22,2022,3,29,0.07444699,0.06977247,0.06768469,0.03396531,1.3902782,0.0011536421,22433,0.0212881155312061
467,20220330,20220406,2022,3,30,2022,4,6,0.09380169,0.08477184,0.084801145,0.054635704,1.5177723,0.00298506,23605,0.0296560898423194
468,20220407,20220414,2022,4,7,2022,4,14,0.0886315,0.07829571,0.073566936,0.057944212,1.5682734,0.0033575317,16701,0.0232261419296264
469,20220415,20220422,2022,4,15,2022,4,22,0.066535026,0.060348924,0.05556734,0.040917683,1.4688016,0.0016742568,23908,0.0175263779237866
470,20220423,20220430,2022,4,23,2022,4,30,0.05948907,0.053494386,0.05380996,0.033348113,1.5405654,0.0011120967,20447,0.0268600787967443
471,20220501,20220508,2022,5,1,2022,5,8,0.064969175,0.05852228,0.06432332,0.031176165,1.6068497,0.0009719532,5956,0.0225760517641901
472,20220509,20220516,2022,5,9,2022,5,16,0.079990715,0.06718447,0.061436843,0.07092028,1.6543121,0.005029686,21313,0.0256238244473934
473,20220517,20220524,2022,5,17,2022,5,24,0.06994296,0.06526899,0.05941304,0.035393517,1.3871363,0.0012527012,17756,0.0181181756779551
474,20220525,20220601,2022,5,25,2022,6,1,0.07313797,0.06461193,0.060257632,0.04469726,1.5893284,0.001997845,22451,0.0225712321698665
475,20220602,20220609,2022,6,2,2022,6,9,0.06846441,0.06253498,0.056683134,0.039777376,1.4619913,0.0015822395,22378,0.0200956538319587
476,20220610,20220617,2022,6,10,2022,6,17,0.067517444,0.060937013,0.054332063,0.036100943,1.5250306,0.0013032781,20511,0.0226021539419889
477,20220618,20220625,2022,6,18,2022,6,25,0.05486599,0.049946535,0.04668739,0.024362814,1.5475496,0.00059354666,4980,0.0356381703168153
478,20220626,20220703,2022,6,26,2022,7,3,0.06683604,0.0625227,0.057686936,0.029078739,1.4051079,0.0008455731,13705,0.0169468335807323
479,20220704,20220711,2022,7,4,2022,7,11,0.05588707,0.051644776,0.049137503,0.026812743,1.4495001,0.00071892317,16363,0.0163139086216688
480,20220712,20220719,2022,7,12,2022,7,19,0.040710524,0.037277583,0.033605486,0.019981556,1.4812771,0.00039926256,7932,0.0130784669890999
481,20220720,20220727,2022,7,20,2022,7,27,0.06984632,0.06679494,0.07084167,0.0194751,1.367146,0.00037927955,4393,0.0293632335960865
482,20220805,20220812,2022,8,5,2022,8,12,0.07056113,0.059858885,0.05422716,0.055660967,1.6537931,0.003098143,12381,0.0227123461663723
483,20220813,20220820,2022,8,13,2022,8,20,0.03135541,0.029570544,0.029341511,0.012405567,1.3949578,0.00015389809,6105,0.0123667139559984
484,20220821,20220828,2022,8,21,2022,8,28,0.038491152,0.035062935,0.03276278,0.018906211,1.5136685,0.0003574448,8885,0.0178760904818773
485,20220829,20220905,2022,8,29,2022,9,5,0.06292815,0.05823477,0.055640835,0.029946007,1.4418846,0.00089676335,23328,0.0212637176737189
486,20220906,20220913,2022,9,6,2022,9,13,0.05920586,0.055390444,0.05500943,0.023801418,1.4312341,0.0005665075,16043,0.0221779402345418
487,20220914,20220921,2022,9,14,2022,9,21,0.066616975,0.06174291,0.05513662,0.032003354,1.4282459,0.0010242147,26064,0.0245524570345878
488,20220922,20220929,2022,9,22,2022,9,29,0.06388871,0.057422895,0.05509025,0.03645275,1.5421629,0.001328803,19917,0.0262587927281856
489,20220930,20221007,2022,9,30,2022,10,7,0.05252875,0.05075442,0.0522707,0.013180176,1.3129119,0.00017371702,13681,0.0165741816163063
490,20221008,20221015,2022,10,8,2022,10,15,0.06460967,0.059994515,0.057077996,0.029500052,1.4372804,0.0008702531,20814,0.0198062378913164
491,20221016,20221023,2022,10,16,2022,10,23,0.07588818,0.07029327,0.06314251,0.035322495,1.437415,0.0012476785,25584,0.0272087957710027
492,20221024,20221031,2022,10,24,2022,10,31,0.08563865,0.07732235,0.07053874,0.04521889,1.5298656,0.0020447478,23688,0.0360152684152126
493,20221101,20221108,2022,11,1,2022,11,8,0.09161307,0.08384715,0.073126055,0.047277857,1.4702319,0.0022351956,25951,0.0347596555948257
494,20221109,20221116,2022,11,9,2022,11,16,0.094973736,0.086946055,0.08200118,0.04390789,1.5027909,0.0019279026,25193,0.0505516156554222
495,20221117,20221124,2022,11,17,2022,11,24,0.10867335,0.102634214,0.09396123,0.039944936,1.3875045,0.001595598,26057,0.0524564534425735
496,20221125,20221202,2022,11,25,2022,12,2,0.103368394,0.098302625,0.09177062,0.03550039,1.3603489,0.0012602776,25981,0.0461969450116157
497,20221203,20221210,2022,12,3,2022,12,10,0.09696264,0.09239661,0.08849633,0.032495946,1.3533798,0.0010559865,25835,0.0395041182637214
498,20221211,20221218,2022,12,11,2022,12,18,0.09361852,0.08882861,0.08296075,0.033653658,1.3667215,0.0011325688,25147,0.0365196838974952
499,20221219,20221226,2022,12,19,2022,12,26,0.10943873,0.104182705,0.10129354,0.036198888,1.3618355,0.0013103595,25275,0.0484769307076931
500,20221227,20221231,2022,12,27,2022,12,31,0.08316986,0.077724166,0.07815379,0.032875072,1.4398788,0.0010807703,16706,0.0374313630163669
501,20230101,20230108,2023,1,1,2023,1,8,0.107489064,0.10327421,0.100207746,0.03467661,1.3097053,0.0012024674,26050,0.0359613765031099
502,20230109,20230116,2023,1,9,2023,1,16,0.10089937,0.09649643,0.09487368,0.034441378,1.330073,0.0011862085,25898,0.0335883498191833
503,20230117,20230124,2023,1,17,2023,1,24,0.104269564,0.09993114,0.10124837,0.032263197,1.3347508,0.001040914,24745,0.0336310118436813
504,20230125,20230201,2023,1,25,2023,2,1,0.11438846,0.1111536,0.10600649,0.030286657,1.2595656,0.0009172816,25966,0.0304972361773252
505,20230202,20230209,2023,2,2,2023,2,9,0.11536709,0.11313694,0.11311871,0.023526661,1.2174151,0.0005535038,24977,0.0251840054988861
506,20230210,20230217,2023,2,10,2023,2,17,0.102809936,0.0985832,0.09838313,0.031096904,1.3353763,0.00096701743,21552,0.0295931175351142
507,20230218,20230225,2023,2,18,2023,2,25,0.11376237,0.109872594,0.107262075,0.03240147,1.2927319,0.0010498553,25564,0.0351121220737695
508,20230226,20230305,2023,2,26,2023,3,5,0.11039848,0.10447334,0.10041971,0.040193386,1.3794086,0.0016155082,24468,0.0410883296281099
509,20230306,20230313,2023,3,6,2023,3,13,0.08893851,0.084393896,0.08034746,0.031325582,1.3684931,0.0009812921,22464,0.0345563367009162
510,20230314,20230321,2023,3,14,2023,3,21,0.06811146,0.06356373,0.060334537,0.027763035,1.4354415,0.00077078614,18585,0.02810849994421
511,20230322,20230329,2023,3,22,2023,3,29,0.07904415,0.073976055,0.071664125,0.030774187,1.4311403,0.00094705063,22902,0.0357141029089689
512,20230330,20230406,2023,3,30,2023,4,6,0.078154214,0.073878825,0.07201503,0.027591817,1.3947381,0.0007613084,23144,0.0324940318241715
513,20230407,20230414,2023,4,7,2023,4,14,0.07508376,0.0704455,0.07147913,0.02704067,1.4342029,0.00073119777,18579,0.0357510261237621
514,20230415,20230422,2023,4,15,2023,4,22,0.08514711,0.08033351,0.08035123,0.030600334,1.4013989,0.0009363804,25508,0.0406193844974041
515,20230423,20230430,2023,4,23,2023,4,30,0.05453905,0.050324775,0.055089872,0.019942995,1.5394727,0.00039772305,1570,0.023263624869287
516,20230501,20230508,2023,5,1,2023,5,8,0.06112528,0.058839165,0.056412954,0.019511757,1.2988751,0.00038070866,25737,0.0176932848989963
517,20230509,20230516,2023,5,9,2023,5,16,0.050852425,0.048254345,0.046791095,0.019385498,1.357886,0.0003757975,17261,0.0151594504714012
518,20230517,20230524,2023,5,17,2023,5,24,0.046199568,0.044899635,0.044793237,0.011354964,1.2712086,0.00012893522,7453,0.0098508931696414
519,20230525,20230601,2023,5,25,2023,6,1,0.055158723,0.05355265,0.053197354,0.015716728,1.2599282,0.00024701553,17870,0.0131600284948945
520,20230602,20230609,2023,6,2,2023,6,9,0.052559007,0.05016388,0.05017132,0.016527396,1.3555043,0.00027315482,4907,0.0207441821694374
521,20230610,20230617,2023,6,10,2023,6,17,0.043703046,0.042034682,0.042298008,0.012279418,1.3240093,0.00015078411,16946,0.0165216783061623
522,20230618,20230625,2023,6,18,2023,6,25,0.058209695,0.056859102,0.056179345,0.013515345,1.2366513,0.00018266455,23483,0.0135278552770614
523,20230626,20230703,2023,6,26,2023,7,3,0.04275244,0.039526284,0.042235795,0.015787236,1.5139226,0.00024923685,1568,0.0264646294526755
524,20230704,20230711,2023,7,4,2023,7,11,0.03988172,0.037445303,0.037451126,0.0135841165,1.4406947,0.00018452822,1525,0.0222934279590845
525,20230712,20230719,2023,7,12,2023,7,19,0.05674899,0.053949103,0.060241174,0.015170284,1.4195222,0.0002301375,2071,0.0141665935516357
526,20230720,20230727,2023,7,20,2023,7,27,0.06825567,0.066034615,0.065832995,0.017058628,1.3031461,0.00029099677,11865,0.0232956334948539
527,20230728,20230804,2023,7,28,2023,8,4,0.057577394,0.056360036,0.057546474,0.0118932035,1.2321104,0.00014144828,20363,0.0135779622942209
528,20230805,20230812,2023,8,5,2023,8,12,0.052253112,0.050622303,0.05153524,0.0131035615,1.2917261,0.00017170333,17900,0.0153494365513324
529,20230813,20230820,2023,8,13,2023,8,20,0.052240342,0.04995748,0.052940328,0.014510314,1.3694452,0.0002105492,18515,0.0201832484453916
0,20230821,20230828,2023,8,21,2023,8,28,0.056469437,0.055137634,0.05658669,0.0120651955,1.2493246,0.00014556893,23556,0.0155631070956587
1,20230829,20230905,2023,8,29,2023,9,5,0.05831615,0.057272725,0.057869695,0.011033204,1.2111404,0.0001217316,25829,0.0149710588157176
2,20230906,20230913,2023,9,6,2023,9,13,0.05906031,0.057309225,0.057844244,0.01442754,1.2818568,0.00020815391,23134,0.0191952399909496
3,20230914,20230921,2023,9,14,2023,9,21,0.061465666,0.06050866,0.059533894,0.011508186,1.189222,0.00013243835,26057,0.0130905881524086
4,20230922,20230929,2023,9,22,2023,9,29,0.06295589,0.06098003,0.061282456,0.016222917,1.2902876,0.000263183,23421,0.0163885317742824
5,20230930,20231007,2023,9,30,2023,10,7,0.06519717,0.063481085,0.06121585,0.016597271,1.2486109,0.00027546939,25997,0.0144213400781154
6,20231008,20231015,2023,10,8,2023,10,15,0.0627746,0.059202977,0.059105027,0.022540586,1.4047203,0.000508078,21651,0.0263532362878322
7,20231016,20231023,2023,10,16,2023,10,23,0.07031437,0.067927115,0.06711486,0.019400671,1.2965481,0.00037638601,25214,0.0194780090823769
8,20231024,20231031,2023,10,24,2023,10,31,0.08181659,0.078225166,0.07533834,0.0262671,1.3411293,0.00068996055,25529,0.0304701626300811
9,20231101,20231108,2023,11,1,2023,11,8,0.08037481,0.07773092,0.07540159,0.022676684,1.2847358,0.00051423203,25976,0.0232939608395099
10,20231109,20231116,2023,11,9,2023,11,16,0.08170751,0.07836433,0.07602693,0.026157938,1.3208687,0.0006842377,25923,0.0280647054314613
11,20231117,20231124,2023,11,17,2023,11,24,0.08702076,0.0845953,0.08162029,0.022527251,1.2586333,0.00050747703,26060,0.0227730255573987
12,20231125,20231202,2023,11,25,2023,12,2,0.08862157,0.08572467,0.08319755,0.02399133,1.2886645,0.0005755839,25544,0.0288665872067213
13,20231203,20231210,2023,12,3,2023,12,10,0.096639015,0.090232424,0.08784248,0.036404867,1.4499456,0.0013253144,23650,0.0516763553023338
14,20231211,20231218,2023,12,11,2023,12,18,0.09739397,0.09276596,0.0904043,0.03181296,1.3628725,0.0010120643,22215,0.03424634039402
15,20231219,20231226,2023,12,19,2023,12,26,0.09287627,0.090048954,0.08815248,0.023689229,1.2816142,0.0005611796,24350,0.0259769968688488
16,20231227,20231231,2023,12,27,2023,12,31,0.1019157,0.098656505,0.09479602,0.027160808,1.2856368,0.0007377095,24298,0.0342307053506374
17,20240101,20240108,2024,1,1,2024,1,8,0.09376155,0.08910798,0.08712276,0.031269267,1.3726026,0.000977767,24443,0.0321526378393173
18,20240109,20240116,2024,1,9,2024,1,16,0.08636237,0.0816185,0.07903721,0.0353103,1.3884326,0.0012468172,18613,0.0358499735593795
19,20240117,20240124,2024,1,17,2024,1,24,0.10255661,0.09905235,0.096732594,0.027636709,1.3009814,0.00076378766,23544,0.0346733201295137
20,20240125,20240201,2024,1,25,2024,2,1,0.08748469,0.08377082,0.08200823,0.026865156,1.3367951,0.00072173664,25741,0.0357319265604019
21,20240202,20240209,2024,2,2,2024,2,9,0.08828736,0.08572636,0.08352304,0.022372536,1.2698112,0.00050053035,26035,0.0269782096147537
22,20240210,20240217,2024,2,10,2024,2,17,0.07872486,0.07548136,0.07197875,0.024558375,1.3266075,0.0006031138,24926,0.0228836722671985
23,20240218,20240225,2024,2,18,2024,2,25,0.07895091,0.076299466,0.07618706,0.020661892,1.3010261,0.0004269138,24856,0.0279848705977201
24,20240226,20240304,2024,2,26,2024,3,4,0.0648107,0.06315795,0.061734673,0.014878074,1.2554293,0.00022135708,26025,0.0204469710588455
25,20240305,20240312,2024,3,5,2024,3,12,0.062576324,0.05937862,0.05644048,0.021509869,1.3735704,0.00046267445,23692,0.0246478589251637
26,20240313,20240320,2024,3,13,2024,3,20,0.06588962,0.06348751,0.0613551,0.018440252,1.3116127,0.00034004287,25174,0.0234661111608147
27,20240321,20240328,2024,3,21,2024,3,28,0.053321764,0.05151328,0.051694747,0.01410792,1.3031713,0.00019903341,24757,0.0188885852694511
28,20240329,20240405,2024,3,29,2024,4,5,0.052032843,0.049608517,0.047491767,0.016459266,1.3606064,0.00027090745,24623,0.021686440333724
29,20240406,20240413,2024,4,6,2024,4,13,0.056960087,0.05466101,0.053381663,0.016747708,1.3317541,0.00028048572,23483,0.0206552185118198
30,20240414,20240421,2024,4,14,2024,4,21,0.054758932,0.053872265,0.052880336,0.010026314,1.197901,0.00010052698,22092,0.0113368183374404
31,20240422,20240429,2024,4,22,2024,4,29,0.04348237,0.041091025,0.04065655,0.014672597,1.403863,0.00021528511,12627,0.0182891450822353
32,20240430,20240507,2024,4,30,2024,5,7,0.043348942,0.041026965,0.04138758,0.014407154,1.3986981,0.0002075661,13622,0.020136740989983
33,20240508,20240515,2024,5,8,2024,5,15,0.042987086,0.041069,0.039864507,0.013679519,1.3468722,0.00018712925,12469,0.014016967266798
34,20240516,20240523,2024,5,16,2024,5,23,0.03699783,0.03556096,0.037267026,0.010150601,1.3349026,0.000103034705,6630,0.0128648071549832
35,20240524,20240531,2024,5,24,2024,5,31,0.055398807,0.053488698,0.056638695,0.013468275,1.3229513,0.00018139443,12471,0.0150175299495458
36,20240601,20240608,2024,6,1,2024,6,8,0.051528625,0.05046025,0.05139631,0.010172583,1.2367204,0.000103481456,12375,0.0103840846568346
37,20240609,20240616,2024,6,9,2024,6,16,0.055644963,0.05433075,0.053065676,0.018637525,1.2077231,0.0003473573,25777,0.0093617141246795
38,20240617,20240624,2024,6,17,2024,6,24,0.055236768,0.053597987,0.054173514,0.020667696,1.2495562,0.0004271537,19662,0.0073940269649028
39,20240625,20240702,2024,6,25,2024,7,2,0.053605184,0.05107091,0.054437097,0.015789425,1.3846238,0.00024930591,16733,0.0190448276698589
40,20240703,20240710,2024,7,3,2024,7,10,0.05754815,0.056381796,0.056223903,0.015090667,1.2058487,0.00022772822,19935,0.0096715465188026
41,20240711,20240718,2024,7,11,2024,7,18,0.03994046,0.038092326,0.038935207,0.012498462,1.3634163,0.00015621154,2468,0.013085245154798
42,20240719,20240726,2024,7,19,2024,7,26,0.06199742,0.060184732,0.059585463,0.01574293,1.2738196,0.00024783984,8401,0.0109968334436416
43,20240727,20240803,2024,7,27,2024,8,3,0.04313212,0.040450484,0.038769804,0.01590639,1.4283881,0.00025301322,10786,0.0240936949849128
44,20240804,20240811,2024,8,4,2024,8,11,0.057701644,0.05674126,0.05639701,0.010822721,1.1999303,0.00011713129,13986,0.0120212053880095
45,20240812,20240819,2024,8,12,2024,8,19,0.05789482,0.055549953,0.05491785,0.020573013,1.311927,0.00042324883,21986,0.0094828978180885
46,20240820,20240827,2024,8,20,2024,8,27,0.058471955,0.05655677,0.053843163,0.020490754,1.2543871,0.00041987098,25782,0.0087904445827007
47,20240828,20240904,2024,8,28,2024,9,4,0.05684151,0.052478477,0.051308718,0.03404534,1.4120711,0.0011590851,18149,0.012032002210617
48,20240905,20240912,2024,9,5,2024,9,12,0.06588097,0.06199474,0.058201738,0.03805675,1.3249388,0.0014483162,24382,0.0083220405504107
49,20240913,20240920,2024,9,13,2024,9,20,0.060616456,0.05679441,0.053584777,0.031487055,1.366252,0.0009914347,25284,0.0137502904981374
50,20240921,20240928,2024,9,21,2024,9,28,0.044728823,0.043375906,0.04504954,0.010741908,1.2894188,0.00011538859,10469,0.0139705650508403
51,20240929,20241006,2024,9,29,2024,10,6,0.06766859,0.06336296,0.060566343,0.02855018,1.4114354,0.0008151127,18834,0.0224048979580402
52,20241007,20241014,2024,10,7,2024,10,14,0.06846944,0.06385789,0.05854986,0.030973306,1.4131671,0.00095934566,23215,0.0191688574850559
53,20241015,20241022,2024,10,15,2024,10,22,0.06995913,0.06476824,0.060343787,0.032000978,1.4480649,0.0010240626,25737,0.0262625180184841
54,20241023,20241030,2024,10,23,2024,10,30,0.06881892,0.06533797,0.059436698,0.025889518,1.3537735,0.0006702671,25773,0.0203230343759059
55,20241031,20241107,2024,10,31,2024,11,7,0.07553467,0.070675045,0.06705193,0.03309848,1.4083961,0.0010955094,22769,0.021258421242237
56,20241108,20241115,2024,11,8,2024,11,15,0.08069616,0.07559629,0.07070571,0.03237541,1.4185975,0.0010481671,25416,0.0324004031717777
57,20241116,20241123,2024,11,16,2024,11,23,0.08746613,0.08161984,0.07742701,0.03597997,1.4325861,0.0012945584,24689,0.0402190648019313
58,20241124,20241201,2024,11,24,2024,12,1,0.08695313,0.082340024,0.07830602,0.030453846,1.383175,0.00092743675,24701,0.035940483212471
59,20241202,20241209,2024,12,2,2024,12,9,0.091668114,0.08857225,0.0834606,0.02578406,1.2895639,0.00066481775,26062,0.0326754599809646
60,20241210,20241217,2024,12,10,2024,12,17,0.09267294,0.089135304,0.08455413,0.02724689,1.3145182,0.0007423931,25861,0.0350274220108985
61,20241218,20241225,2024,12,18,2024,12,25,0.0940808,0.09003987,0.08361256,0.028939191,1.3399811,0.0008374768,24155,0.0414014980196952
62,20241226,20241231,2024,12,26,2024,12,31,0.09453145,0.08758349,0.091428794,0.03560038,1.5045089,0.0012673871,13627,0.045990590006113
63,20250101,20250108,2025,1,1,2025,1,8,0.10313277,0.0991568,0.09699228,0.029002676,1.3267214,0.0008411552,24191,0.0386623553931713
64,20250109,20250116,2025,1,9,2025,1,16,0.11482658,0.11141322,0.103816494,0.02990302,1.2703114,0.0008941906,26064,0.0395496077835559
65,20250117,20250124,2025,1,17,2025,1,24,0.11479924,0.112225056,0.11028616,0.024575407,1.2388129,0.00060395064,25724,0.0315687377005815
66,20250125,20250201,2025,1,25,2025,2,1,0.099035665,0.094885536,0.0954434,0.028696075,1.3453205,0.0008234647,23903,0.040407583117485
67,20250202,20250209,2025,2,2,2025,2,9,0.089365296,0.08723066,0.08364491,0.02058201,1.2410643,0.00042361912,24438,0.0253172013908624
68,20250210,20250217,2025,2,10,2025,2,17,0.09547652,0.08949851,0.08653024,0.03634004,1.4271706,0.0013205984,21058,0.0432673450559377
69,20250218,20250225,2025,2,18,2025,2,25,0.095106736,0.09202528,0.085453495,0.02674985,1.2797341,0.0007155544,26063,0.0295586474239826
70,20250226,20250305,2025,2,26,2025,3,5,0.08125714,0.07770847,0.07339233,0.02680412,1.3322085,0.0007184608,26022,0.0284969210624694
71,20250306,20250313,2025,3,6,2025,3,13,0.08225035,0.078935444,0.0750769,0.025904689,1.3182821,0.0006710529,25683,0.0270657949149608
72,20250314,20250321,2025,3,14,2025,3,21,0.08217908,0.0784181,0.074096024,0.026931206,1.346719,0.00072528986,26061,0.0328198075294494
73,20250322,20250329,2025,3,22,2025,3,29,0.071426,0.06797249,0.062784724,0.025516715,1.353109,0.00065110275,25109,0.0294778421521186
0,20250407,20250414,2025,4,7,2025,4,14,0.077514246,0.070569225,0.0670575,0.041577917,1.4962425,0.0017287231,10987,0.0302358921617269
1,20250423,20250430,2025,4,23,2025,4,30,0.067847766,0.0652145,0.063428,0.022199942,1.3056136,0.00049283745,24760,0.0190585451200604
2,20250501,20250508,2025,5,1,2025,5,8,0.058091365,0.055544954,0.054645497,0.019178364,1.3375124,0.00036780964,15428,0.0184199176728725
3,20250509,20250516,2025,5,9,2025,5,16,0.059009053,0.055538192,0.05405135,0.02483911,1.3851289,0.0006169814,19244,0.0161198750138282
4,20250517,20250524,2025,5,17,2025,5,24,0.06645829,0.0615251,0.060268126,0.030489685,1.4486635,0.0009296209,17269,0.0217916630208492
5,20250525,20250601,2025,5,25,2025,6,1,0.05742825,0.054068312,0.054706246,0.021857426,1.4095527,0.0004777471,9624,0.0203693564981222
6,20250602,20250609,2025,6,2,2025,6,9,0.049078155,0.045681722,0.043493353,0.021285094,1.4359801,0.00045305525,12231,0.0183843057602643
7,20250610,20250617,2025,6,10,2025,6,17,0.072244614,0.069842696,0.06521265,0.021304656,1.2835071,0.00045388832,20832,0.011556502431631
8,20250618,20250625,2025,6,18,2025,6,25,0.061635137,0.058070403,0.056886714,0.024321252,1.3985022,0.0005915233,10816,0.0171529268845915
